code,titleTh,titleEn,group,cadence,external,page,direction,file,bytes,sha256
AA0101,อัตราการนอนโรงพยาบาลด้วยภาวะที่ควรควบคุมด้วยบริการผู้ป่วยนอก (โรคลมชัก),Epilepsy: Hospitalization rate,,ทุกปี (รายปี),HOSxP,295,lower-is-better,01-hosxp/THIP_AA0101.sql,20367,7433aaf0ada6d031b6598b4721c208d8a1357316406ff252a53c1789788dfaed
AA0102,อัตราการนอนโรงพยาบาลด้วยภาวะที่ควรควบคุมด้วยบริการผู้ป่วยนอก (โรคปอดอุดกั้น เรื้อรัง),COPD: Hospitalization rate,,ทุกปี (รายปี),HOSxP,296,lower-is-better,01-hosxp/THIP_AA0102.sql,20875,ed29c2781ca1a774848a042feeb95ecca8e50c89f25d1d893bca5fbe722f8a36
AA0103,อัตราการนอนโรงพยาบาลด้วยภาวะที่ควรควบคุมด้วยบริการผู้ป่วยนอก (โรคหืด),Asthma: Hospitalization rate,,ทุกปี (รายปี),HOSxP,297,lower-is-better,01-hosxp/THIP_AA0103.sql,20339,723fcdd3d54e6b4f1e4c3da014330b32e3739742830b8becb4557339d162262e
AA0104,อัตราการนอนโรงพยาบาลด้วยภาวะที่ควรควบคุมด้วยบริการผู้ป่วยนอก (โรคเบาหวาน),Diabetes Mellitus (DM): Hospitalization rate,,ทุกปี (รายปี),HOSxP,298,lower-is-better,01-hosxp/THIP_AA0104.sql,20536,696937989e0bffc141900312563d6f260ab748db9122a180ea0b4fc41fec5d4a
AA0105,อัตราการนอนโรงพยาบาลด้วยภาวะที่ควรควบคุมด้วยบริการผู้ป่วยนอก (โรคความดัน โลหิตสูง),Hypertension: Hospitalization rate,,ทุกปี (รายปี),HOSxP,299,lower-is-better,01-hosxp/THIP_AA0105.sql,20496,efa2331abbdc95c3f6b1e82fcba0ec37f551f6e3c8d788b3659225aa07f5745c
CA0101,"อัตราการเกิดภาวะหัวใจหยุดเต้นระหว่างผ่าตัดในผู้ป่วยที่มีระดับ ASA physical status I, II ก่อนผ่าตัด","Anesthesia: Intra-operative cardiac arrest ASA physical status I, II",,ทุกเดือน (รายเดือน),HOSxP,189,lower-is-better,01-hosxp/THIP_CA0101.sql,22849,f9461cf1f23d76df327785cd39dc1250745382f80b13e1ff010b29b29723ebdb
CA0102,ร้อยละของการเยี่ยมผู้ป่วยก่อนการให้ยาระงับความรู้สึกในผู้ป่วยในที่รับการผ่าตัดแบบไม่ ฉุกเฉิน,Anesthesia: Percent of pre-anesthetic visit elective in-patient cases,,ทุกเดือน (รายเดือน),HOSxP,190,higher-is-better,01-hosxp/THIP_CA0102.sql,24095,fa91d4fb1cc01a3b26e4e04d9cfae8887f274336da2ab062368a990f98160035
CA0103,ร้อยละของผู้ป่วยที่รับการให้ยาระงับความรู้สึกที่ได้รับการดูแลในห้องพักฟื้น,Anesthesia: Percent of patients observed in recovery room,,ทุกเดือน (รายเดือน),HOSxP,191,higher-is-better,01-hosxp/THIP_CA0103.sql,22247,6de4e11ea41e0d836f40fd7b63a607354a13c1e1acf42727ef7680fd1b4f4426
CA0104,ร้อยละของผู้ป่วยได้รับการใส่ท่อหายใจซ้ำภายใน 2 ชั่วโมงหลังการถอดท่อหายใจ,Anesthesia: Percent of re-intubation within 2 hours after extubation,,ทุกเดือน (รายเดือน),HOSxP,192,lower-is-better,01-hosxp/THIP_CA0104.sql,24757,91eb26f49ce0ba2b9ecfb335f3f0b218cc94c9823e7b3995717c2779f3dc28d0
CA0105,ร้อยละของผู้ป่วยที่ดมยาสลบได้รับการเฝ้าระวังระดับก๊าซคาร์บอนไดออกไซด์ ในลมหายใจออก,Anesthesia: Percent of using capnometry during general anesthesia,,ทุกเดือน (รายเดือน),HOSxP,193,higher-is-better,01-hosxp/THIP_CA0105.sql,22123,c5b4834007ceb46d48f5b73c049acf33663cdfa8480b6252ad911ab18f0fb686
CE0101,ร้อยละผู้ป่วยห้องฉุกเฉินที่มีภาวะติดเชื้อในกระแสโลหิตได้รับยาต้านจุลชีพ ภายใน 3 ชั่วโมง,Sepsis: Percent of broad-spectrum antibiotic receiving within 3 hours,,ทุกเดือน (รายเดือน),HOSxP,203,higher-is-better,01-hosxp/THIP_CE0101.sql,21506,31fbb72cd076d66aaea9b9f19078ab084ae557968b5f4ad834ce8268a2bfa221
CE0102,ค่าเฉลี่ยระยะเวลาการเข้ารับ-ออกจากบริการของผู้ป่วยที่มารับบริการที่ห้องฉุกเฉิน,"ER: Average dmergency department (ED) TIME-IN, TIME-OUT",,ทุกเดือน (รายเดือน),HOSxP,204,lower-is-better,01-hosxp/THIP_CE0102.sql,20796,50a5e946a390c60909bf2459f9b013b5c23315bf326e9dfa04d2d4bc4c8b5556
CE0103,ร้อยละของผู้ป่วยฉุกเฉินมากที่ได้รับบริการที่ห้องฉุกเฉินระยะเวลาภายใน 60 นาที,"ER: Percent of emergency patients recieveing emergency service (ED TIME-IN, TIME-OUT) within 60 minutes",,ทุกเดือน (รายเดือน),HOSxP,206,higher-is-better,01-hosxp/THIP_CE0103.sql,20955,be63a95de01e5ac473a94144309f4eb7cc1ef23f4a0ca578cbc0bcb2dd07a31b
CE0104,ร้อยละผู้ป่วยห้องฉุกเฉิน ที่มีภาวะติดเชื้อในกระแสโลหิตได้รับยาต้านจุลชีพภายใน 1 ชั่วโมง,Sepsis: Percent of broad-spectrum antibiotic received within 1 hour in emergency room,,ทุกเดือน (รายเดือน),HOSxP,207,higher-is-better,01-hosxp/THIP_CE0104.sql,21339,10a08f0be7d02730020ee78f35aea941e0f8dfa22adf111da3fa41185635d409
CG0101,อัตราการเกิดแผลกดทับในโรงพยาบาล,Pressure ulcer/injury: Rate of pressure ulcer,,ทุกเดือน (รายเดือน),HOSxP,197,lower-is-better,01-hosxp/THIP_CG0101.sql,21311,49ca6cedcf3e570c931b3fc89f19bc551955803f6380d48b5c073e7f6f7418d6
CG0102,อัตราการเกิดแผลกดทับในโรงพยาบาลในผู้ป่วยกลุ่มเสี่ยง,Pressure ulcer/injury: Rate of pressure ulcer in risk patients,,ทุกเดือน (รายเดือน),HOSxP,199,lower-is-better,01-hosxp/THIP_CG0102.sql,23244,a5b6cf73ff8e4e15bbad451c844a5e5d249b0450ebc3a9cd10337e2349f83843
CI0101,ร้อยละการเสียชีวิตของผู้ป่วยในจากภาวะติดเชื้อในกระแสโลหิต,Sepsis: Percent of mortality,,ทุกเดือน (รายเดือน),HOSxP,208,lower-is-better,01-hosxp/THIP_CI0101.sql,20246,d96a4d244da878b137e463cd95c7579add2154b7e7462aa662f8b4e869444a35
CM0101,สัดส่วนการตายของมารดาจากการตั้งครรภ์ และ/หรือการคลอด (ต่อแสนทารกเกิดมีชีพ),"Maternal: Mortality rate of mother from pregnancy and/or labour (1:100,000)",,ทุกปี (รายปี),HOSxP,170,lower-is-better,01-hosxp/THIP_CM0101.sql,24325,157bea909b1267c13152a3cfde5a55156b05a284462992c3cae45dacceb66ebb
CM0104,ร้อยละการรับกลับเข้าโรงพยาบาลของผู้คลอด Caesarean section ภายใน 28 วัน โดย ไม่ได้วางแผน,Maternal: Percent of unplanned re-admission of Caesarean section within 28 days,,ทุกเดือน (รายเดือน),HOSxP,171,lower-is-better,01-hosxp/THIP_CM0104.sql,21190,3d50460f2a0fda5efade905912e43cf279043bf14f5afadd07374b15bc0db401
CM0105,ระยะเวลาวันนอนเฉลี่ยของผู้คลอดโดยการผ่าตัดคลอดทางหน้าท้อง,Maternal: Average length of stay of Caesarean section,,ทุกเดือน (รายเดือน),HOSxP,172,lower-is-better,01-hosxp/THIP_CM0105.sql,20229,ccd9e2e4a67331b2b56f0719edf56750335daa1b71be8c7572f9235fedbd230f
CM0107,ร้อยละการตกเลือดหลังคลอดเฉียบพลันกรณีคลอดทางช่องคลอด,Maternal: Percent of Immediate postpartum hemorrhage (vaginal delivery),,ทุกเดือน (รายเดือน),HOSxP,173,lower-is-better,01-hosxp/THIP_CM0107.sql,20978,701748f9285db673bce5093439e49c02d7773df78bc943a84b2861bbc32ed654
CM0109,ร้อยละการชักขณะตั้งครรภ์ คลอดหรือหลังคลอด,Maternal: Percent of eclampsia in pregnancy induce hypertension,,ทุกเดือน (รายเดือน),HOSxP,174,lower-is-better,01-hosxp/THIP_CM0109.sql,20478,15557f8a3bcdacbff62edfa0d6d7f3f6e9cf124b3420582d5613410cb916b1d3
CM0110,อัตราหญิงตั้งครรภ์ที่มีภาวะเบาหวาน,Maternal: Percent of gestational DM,,ทุกเดือน (รายเดือน),HOSxP,175,lower-is-better,01-hosxp/THIP_CM0110.sql,20289,9d37c414a6e8ab1d806ddb6082343a8473c417260172441c7659dbc5c8757199
CM0116,ร้อยละการได้รับ prophylactic antibiotic ในการผ่าตัด abdominal hysterectomy,Maternal: Percent of receiving antibiotic prophylaxis in abdominal hysterectomy,,ทุกเดือน (รายเดือน),HOSxP,176,higher-is-better,01-hosxp/THIP_CM0116.sql,21795,6cafc3cb6153ab796dc5059f4bc73bddfc6025aec1d34a7fffd8437c911628a1
CM0117,ร้อยละการติดเชื้อแผลผ่าตัด Abdominal hysterectomy,Maternal: Percent of abdominal hysterectomy associated infection,,ทุกเดือน (รายเดือน),HOSxP,177,lower-is-better,01-hosxp/THIP_CM0117.sql,21626,ff046f11a0b5627d51f6ebb5ca8bccbbe8af8edd173da0c9986a226e665fa16d
CM0118,ร้อยละการผ่าตัดคลอดบุตรปฐมภูมิของโรงพยาบาล,Maternal: Percent of primary cesarean section,,ทุกเดือน (รายเดือน),HOSxP,178,lower-is-better,01-hosxp/THIP_CM0118.sql,21010,432ed211f38b4415f21ccd0aa92c35b19ab4f000636b78f967e7fcd8ddcbf7de
CM0119,ร้อยละการผ่าตัดคลอดบุตรทั้งหมดของโรงพยาบาล,Maternal: Percent of overall cesarean section,,ทุกเดือน (รายเดือน),HOSxP,179,lower-is-better,01-hosxp/THIP_CM0119.sql,20484,0763def3f0912d104af7e6ecae278ce270fa1498022effd80afdae01113a3e4b
CM0201,อัตราการตายปริกำเนิด (อายุครรภ์ตั้งแต่ 24 สัปดาห์),Child: Perinatal mortality rate (24 weeks),,ทุกเดือน (รายเดือน),HOSxP,180,lower-is-better,01-hosxp/THIP_CM0201.sql,21333,a695e249dc0a60f97f0b950c46a751867d7044ce6238a9d1c96890933f80cb59
CM0202,อัตราการตายปริกำเนิด (อายุครรภ์ตั้งแต่ 28 สัปดาห์),Child: Perinatal mortality rate (28 weeks),,ทุกเดือน (รายเดือน),HOSxP,181,lower-is-better,01-hosxp/THIP_CM0202.sql,21335,4ad9f9c381be085f6b935eb5bf5c035ba4c50c66692581d39ff95f9c95823c7e
CM0203,อัตราการตายของทารกแรกเกิด,Child: Neonatal mortality rate,,ทุกเดือน (รายเดือน),HOSxP,182,lower-is-better,01-hosxp/THIP_CM0203.sql,20451,42979c210152953aa443400f8f75a72d8da11719cf1fc26993a6a454b9f9a684
CM0204,อัตราการขาดออกซิเจนในทารกแรกเกิด,Child: Birth asphyxia rate,,ทุกเดือน (รายเดือน),HOSxP,183,lower-is-better,01-hosxp/THIP_CM0204.sql,20550,c784951423f0d4352710b623e3bb64b22adc12adb291a17a9630db386ba2b8a8
CM0205,อัตราการขาดออกซิเจนรุนแรงในทารกแรกเกิด,Child: Severe birth asphyxia rate,,ทุกเดือน (รายเดือน),HOSxP,184,lower-is-better,01-hosxp/THIP_CM0205.sql,20591,5994d64963412be6da8f2a9a8741bf2a0e42e81779510c28a568a25cb929d097
CM0206,"ร้อยละทารกแรกเกิดน้ำหนักต่ำกว่า 2,500 กรัม",Child: Percent of low birth weight < 2500 grams,,ทุกเดือน (รายเดือน),HOSxP,185,lower-is-better,01-hosxp/THIP_CM0206.sql,20368,d0600edd2427bb0d0c8d0d0a9e73efdc561b2805280e3574d5d7bcd81a73c7e2
CM0207,"ร้อยละการเสียชีวิตในโรงพยาบาลของทารกแรกเกิดน้ำหนักต่ำกว่า 1,000 กรัมภายใน 28 วัน","Child: Percent of neonatal mortality with birth weight < 1,000 grams within 28 days",,ทุกเดือน (รายเดือน),HOSxP,186,lower-is-better,01-hosxp/THIP_CM0207.sql,21258,3df8048da032b7f4192da9495c7e6ff7d60112692d3ed6ec78e7bde7bc645cc9
CM0208,"ร้อยละการเสียชีวิตในโรงพยาบาลของทารกแรกเกิดน้ำหนัก 1,000-1,499 กรัม ภายใน 28 วัน","Child: Percent of neonatal mortality with birth weight between 1,000 - 1,499 grams within 28 days",,ทุกเดือน (รายเดือน),HOSxP,187,lower-is-better,01-hosxp/THIP_CM0208.sql,21392,898236f11335879d8594e1a59f6f8b5fa82fee122127d845dd2eb6997341a3d4
CM0209,"ร้อยละการเสียชีวิตในโรงพยาบาลของทารกแรกเกิดน้ำหนัก 1,500 - 2,499 กรัมภายใน 28 วัน","Child: Percent of neonatal mortality with birth weight between 1,500 - 2,499 grams within 28 days",,ทุกเดือน (รายเดือน),HOSxP,188,lower-is-better,01-hosxp/THIP_CM0209.sql,21399,becb43437374f02b6cd4b1182fb7203b77706f51e5c3258ad12517350e8e316a
CO0101,ร้อยละของการใช้แบบตรวจสอบเพื่อความปลอดภัยของผู้ป่วยเมื่อมารับการตรวจรักษา ในห้องผ่าตัด,Operation: Percent of using surgical safety check list,,ทุกเดือน (รายเดือน),HOSxP,194,higher-is-better,01-hosxp/THIP_CO0101.sql,21858,db7d712460a2bde89d57d8e81faafc0663c424ad4b61faab993926486fac579b
CO0105,ร้อยละการเสียชีวิตของผู้ป่วยผ่าตัดใน 24 ชั่วโมง,Operation: Percent of peri-operative mortality within 24 hours,,ทุกเดือน (รายเดือน),HOSxP,195,lower-is-better,01-hosxp/THIP_CO0105.sql,22446,17402e65fecbf0f75f9548287e279da687ce06053b9002a42327a1b0dcebc1fe
CO0107,ร้อยละการผ่าตัดซ้ำ,Operation: Percent of re-operation,,ทุกเดือน (รายเดือน),HOSxP,196,lower-is-better,01-hosxp/THIP_CO0107.sql,19939,3592328827dfb79f857f2bf9d087faad6c6fa2da5508f32bebf1d2aa01a0b9ba
CP0101,ร้อยละผู้ปกครองของเด็กสมาธิสั้น/LD/MDD รายใหม่ที่มารับการบำบัดรักษาในรอบ 6 เดือน และมารับการรักษาตามนัด,Percent of carers of children with ADHD/LD/MDD having good compliance to treatment,,ทุก 6 เดือน (รายครึ่งปี),HOSxP,209,higher-is-better,01-hosxp/THIP_CP0101.sql,22204,f2663c4a1bdaab78fa7037ca705c69ca21a7fb9716d50bbc6670648fe41fa424
CP0201,ร้อยละเด็กที่สงสัยโรคในกลุ่มพัฒนาการได้รับการวินิจฉัยภายใน 90 วัน,Percent of children with neurodevelopmental disorder being diagnosed within 90 days after registration,,ทุก 3 เดือน (รายไตรมาส),HOSxP,210,higher-is-better,01-hosxp/THIP_CP0201.sql,21334,71f47b62438a4c185fd8980880073351f7ded90b25f5a16c95fdd7852d2ca941
DC0103,ร้อยละของผู้ป่วยเบาหวานได้รับการคัดกรองเบาหวานเข้าจอประสาทตา,DM: Percent of diabetic retinopathy screening,,ทุกปี (รายปี),HOSxP,101,higher-is-better,01-hosxp/THIP_DC0103.sql,21242,4c1d7dc3b4dee4c5e1e1ac35c52aae4af7d785cc6a548f1ad5ec33e3fb61cf9a
DC0107,ร้อยละผู้ป่วยเบาหวานได้รับการตัดขาจากภาวะแทรกซ้อนของโรคเบาหวาน,DM: Percent of lower-extremity amputation among patients with diabetes,,ทุกเดือน (รายเดือน),HOSxP,102,lower-is-better,01-hosxp/THIP_DC0107.sql,20822,1672cd419bd979d0eaeae59a24556618930768dfb1b92dd75d42827e6cc16bea
DC0108,ร้อยละของผู้ป่วยเบาหวานผู้ใหญ่ที่ควบคุมระดับน้ำตาลในเลือดได้ดี,DM: Percent of good controlled of blood sugar in adult,,ทุก 6 เดือน (รายครึ่งปี),HOSxP,103,higher-is-better,01-hosxp/THIP_DC0108.sql,22957,a04bb393021f5b52b0bf68e13a09ad123b8cfe913e20ccd559151d6d13e2fcce
DC0108.1,ร้อยละของผู้ป่วยเบาหวานผู้ใหญ่อายุเกินกว่า 60 ปี ที่ควบคุมระดับน้ำตาลในเลือดได้ดี,DM: Percent of good controlled of blood sugar in adult aged ≥ 60 years old,,ทุก 6 เดือน (รายครึ่งปี),HOSxP,104,higher-is-better,01-hosxp/THIP_DC0108.1.sql,22175,fe6d5446840e70fa1c93a796ffdb827927bbf92b0960b51a06c87f2ee006a557
DC0108.2,ร้อยละของผู้ป่วยเบาหวานผู้ใหญ่อายุน้อยกว่า 60 ปี ที่ควบคุมระดับน้ำตาลในเลือดได้ดี,DM: Percent of good controlled of blood sugar in adult aged < 60 years old,,ทุก 6 เดือน (รายครึ่งปี),HOSxP,105,higher-is-better,01-hosxp/THIP_DC0108.2.sql,21893,4b54bbd158407648ad1d0160712a3dd8ab8260f4fef0053e477dc1962735d1a4
DC0201,ร้อยละผู้ป่วยความดันโลหิตสูงที่ควบคุมความดันโลหิตได้ดี,HT: Percent of good controlled of blood pressure,,ทุก 6 เดือน (รายครึ่งปี),HOSxP,106,higher-is-better,01-hosxp/THIP_DC0201.sql,21070,ca70ba5f748887340469be54cf9b6c8e8dfd4d61dcdf7abe902b7cb7f4279bdd
DC0201.1,ร้อยละผู้ป่วยความดันโลหิตสูงอายุน้อยกว่า 65 ปี ที่ควบคุมความดันโลหิตได้ดี,HT: Percent of good controlled of blood pressure of patient aged < 65 years old,,ทุก 6 เดือน (รายครึ่งปี),HOSxP,108,higher-is-better,01-hosxp/THIP_DC0201.1.sql,20933,c817eb7e0f64c142ff68a194ce79d475c29ee4bb3cda6ed303b6a6e9d6302374
DC0201.2,ร้อยละผู้ป่วยความดันโลหิตสูงอายุเกินกว่า 65 ปี ที่ควบคุมความดันโลหิตได้ดี,HT: Percent of good controlled of blood pressure of patient aged ≥ 65 years old,,ทุก 6 เดือน (รายครึ่งปี),HOSxP,109,higher-is-better,01-hosxp/THIP_DC0201.2.sql,21235,c6b291c94e2be8cf1e39404ff4a81cdc656add4e887a20e8e49d0eddd5b37dcc
DC0301,ร้อยละของผู้ติดเชื้อเอชไอวีที่กินยาต้านไวรัส ได้รับการตรวจ Viral load (VL) อย่างน้อย 1 ครั้งต่อปี,HIV: Percent of people living with HIV with at least one test viral load (VL) after ARV treatment,,ทุกปี (รายปี),HOSxP,110,higher-is-better,01-hosxp/THIP_DC0301.sql,21861,4f4cf81449b2f951fd2eb16f62b0ddb8fe51dab28a155a24f19f544427b96bde
DC0302,ร้อยละของผู้ติดเชื้อเอชไอวีที่มี Viral load (VL) < 50 copies/ml หลังจากกินยาต้านไวรัส มาแล้ว 12 เดือน,HIV: Percent of people living with HIV with viral load (VL) < 50 copies/ml after ARV treatment 12 months ago,,ทุกปี (รายปี),HOSxP,111,higher-is-better,01-hosxp/THIP_DC0302.sql,22278,a64b79dd5e5e8f880ec2631516943575eb75118408a47ad63df24c133b8a0b8c
DC0306,ร้อยละของผู้ติดเชื้อเอชไอวีเพศหญิงได้รับการคัดกรองมะเร็งปากมดลูก,HIV: Percent of people living with HIV screening PAP smear,,ทุกปี (รายปี),HOSxP,112,higher-is-better,01-hosxp/THIP_DC0306.sql,21324,c11bccf3879425974940fc9828556eecc1e050c6b2f3340e98b37317a14b31e1
DC0307,ร้อยละของผู้ติดเชื้อเอชไอวีรายใหม่ที่ได้รับการตรวจคัดกรองโรคซิฟิลิส,HIV: Percent of people living with HIV newly registered who were tested for syphilis,,ทุกปี (รายปี),HOSxP,113,higher-is-better,01-hosxp/THIP_DC0307.sql,21602,0155f41de1cb5ecb9d499034023234a7711861ee1a895ae591a47938a653f619
DC0308,ร้อยละของผู้ติดเชื้อเอชไอวี/เอดส์ที่ได้รับการรักษาด้วยยาต้านไวรัส ณ ปัจจุบัน,HIV: Percentage of people living with HIV who were currently receiving antiretroviral therapy,,ทุกปี (รายปี),HOSxP,114,higher-is-better,01-hosxp/THIP_DC0308.sql,21774,320bb524cbc94c0a57363c7f79afd79fd5664873b1d00cc1b491632ae001a627
DC0309,"ร้อยละของผู้ติดเชื้อเอชไอวีรายใหม่ที่มีข้อบ่งชี้ในการรับยาป้องกันวัณโรค (Tuberculosis preventive therapy, TPT) ได้รับยา TPT",HIV: Percentage of newly diagnosed people living with HIV were receiving tuberculosis preventive therapy,,ทุกปี (รายปี),HOSxP,115,higher-is-better,01-hosxp/THIP_DC0309.sql,22174,8db9aad34262cb4618aecb190b40aa3dd1cdc42e401c62e8bff9d528f28659cf
DC0401,ร้อยละการเสียชีวิตของผู้ป่วยโรคมะเร็ง,Cancer: Percent of mortality,,ทุกเดือน (รายเดือน),HOSxP,116,lower-is-better,01-hosxp/THIP_DC0401.sql,20578,3eff3423d52992aa737d91ef43d22223f0850b137e83ed5d7e0bcc7062baf7d1
DC0402,ร้อยละการรับกลับเข้าโรงพยาบาลก่อนวันนัดโดยไม่ได้วางแผนของผู้ป่วยมะเร็ง,Cancer: Percent of unplanned re-admission,,ทุกเดือน (รายเดือน),HOSxP,117,lower-is-better,01-hosxp/THIP_DC0402.sql,22975,a27206f6822264db1c695679012c95792f92bc9dc25ec0dcb6739732b191b818
DC0403,ร้อยละการเสียชีวิตด้วยโรคมะเร็งตับ,Liver Cancer: Percent of mortality,,ทุกเดือน (รายเดือน),HOSxP,118,lower-is-better,01-hosxp/THIP_DC0403.sql,20271,715d546eb182d73a5c19af9592738a8f03d57df0c22e11f4ea7e769e485774fa
DC0501,ร้อยละของผู้ป่วยโรคไตเรื้อรังที่สามารถชะลอความเสื่อมของไตได้ตามเป้าหมาย,CKD: Percent of patients who achieve the kidney function deterioration delayed target,,ทุกปี (รายปี),HOSxP,119,higher-is-better,01-hosxp/THIP_DC0501.sql,22064,ef9362c84324a8ba7383521b08f68021e49a31f9ee5873c7291dec3b31ab962e
DC0502,ร้อยละของผู้ป่วยโรคไตเรื้อรังที่ได้รับยา ACEIs หรือ ARBs,CKD: Percent of patients who are receiving ACEIs or ARBs,,ทุก 6 เดือน (รายครึ่งปี),HOSxP,121,higher-is-better,01-hosxp/THIP_DC0502.sql,22527,9e39abe4576b6802926a5e9f905cc7468fac33773c20ced864ad20ee3d0225f7
DE0101,ระยะเวลาการรอตรวจภายหลังการส่งปรึกษาของผู้ป่วยที่มีผลเมมโมแกรมตั้งแต่ BI-RADS 4 ขึ้นไป,Breast cancer: Consultation time in patient with BIRADS 4 or greater mammography result,,ทุกปี (รายปี),HOSxP,139,lower-is-better,01-hosxp/THIP_DE0101.sql,22274,f35daaedeb7ce7a861db41dcb2e4efd1a69a796df4b7bd6819a178976ce33141
DE0103,"ร้อยละการตรวจพบผู้ป่วยมะเร็งเต้านมระยะแรก Stage 1, 2","Breast Cancer: Percent of early diagnosis of stage 1, 2",,ทุกปี (รายปี),HOSxP,140,higher-is-better,01-hosxp/THIP_DE0103.sql,20962,b49cf329b57ecafac7b774fac54510302905c0c624f8464c09ff534a39e66a96
DE0501,อัตราการปลูกถ่ายติด (engraftment) ของผู้ป่วย Stem cell transplantation ภายใน 45 วัน หลังการปลูกถ่ายไขกระดูก,Stem cell transplantation: Engraftment rate within 45 days,,ทุกปี (รายปี),HOSxP,141,higher-is-better,01-hosxp/THIP_DE0501.sql,23170,bd3a1239ba2bf357ef8d33f9b01690fe65a9cbaa9573b89daafa44c53e30b951
DE0801,ร้อยละของผู้ป่วย transfusion dependent thalassemia (TDT) ที่อายุมากกว่า 2 ปี และถึง 15 ปี มีภาวะธาตุเหล็กเกิน (Serum ferritin > 1000 ug/L) ที่ได้รับยาขับธาตุเหล็ก,TDT in Pediatrics Patient: Percent of received iron chelator in patient with iron overload (serum ferrous > 1000 ug/L),,ทุกเดือน (รายเดือน),HOSxP,142,higher-is-better,01-hosxp/THIP_DE0801.sql,23251,6a27f2590a98e0f5af60036bda72aa74c6b43193a049ed03e23ea6a1c0e4a4c5
DE1201,ร้อยละผู้ป่วยที่เข้ารับการผ่าตัดซ่อมแซมปากแหว่งตามเกณฑ์ช่วงอายุไม่เกิน 6 เดือน,Cleft lip: Percent of patients who had cleft lip repair with under 6 months of age,,ทุก 3 เดือน (รายไตรมาส),HOSxP,143,higher-is-better,01-hosxp/THIP_DE1201.sql,22726,8a004567f9a352b99636dee02edc5812728306dc4a2a98cd3f749e25e972e844
DE1202,ร้อยละผู้ป่วยที่เข้ารับการผ่าตัดซ่อมแซมเพดานโหว่ตามช่วงอายุไม่เกิน 18 เดือน,Cleft palate: Percent of patients who had cleft Palate repair with under 18 months of age,,ทุก 3 เดือน (รายไตรมาส),HOSxP,144,higher-is-better,01-hosxp/THIP_DE1202.sql,22715,2c01580bb2e9dfe0cdb351a25eb6adeed43c8c2cec4074838ba036351255c20b
DE1401,ร้อยละผู้ป่วย Upper GI hemorrhage (UGIH) ได้รับการส่องกล้องภายใน 24 ชั่วโมง,Upper gastrointestinal hemorrhage (UGIH): Percent of patients who had underwent EGD within 24 hours,,ทุกเดือน (รายเดือน),HOSxP,151,higher-is-better,01-hosxp/THIP_DE1401.sql,21739,83ae593a6362a1e584d95683ea5570302df0f1972dfb90b9b589ce81914a23ee
DE1402,ร้อยละผู้ป่วย Upper GI hemorrhage (UGIH) กลุ่ม high risk ได้รับการส่องกล้องทางเดิน อาหารส่วนต้น ภายใน 24 ชั่วโมง,Upper gastrointestinal hemorrhage (UGIH): Percent of high risk patients who had underwent EGD within 24 hours,,ทุกเดือน (รายเดือน),HOSxP,152,higher-is-better,01-hosxp/THIP_DE1402.sql,23190,61310651a405a4fe33ce9edec8554d0b064b930c2a74dbbda5a98c82b011e6bb
DE1403,ร้อยละผู้ป่วย Non-variceal UGIH สามารถหยุดเลือดด้วยวิธีการส่องกล้องได้สำเร็จ,Non-variceal Upper gastrointestinal hemorrhage (UGIH): Percent of hemostatic success by endoscopic approach,,ทุกเดือน (รายเดือน),HOSxP,154,higher-is-better,01-hosxp/THIP_DE1403.sql,27310,d73e366be3485c6ad851b8da3f937760901a2e61ea87d812057c92993cd0875e
DE1404,ร้อยละผู้ป่วยที่เกิดภาวะเลือดออกซ้ำจากแผลในระบบทางเดินอาหารส่วนต้นภายหลังจาก การหยุดเลือดด้วยการส่องกล้อง,Upper gastrointestinal hemorrhage (UGIH): Recurrent rates of UGIH after upper endoscopic treatment,,ทุกเดือน (รายเดือน),HOSxP,156,lower-is-better,01-hosxp/THIP_DE1404.sql,27659,58fc399049fd770feaf0ed8d7bf3d5fa2db336420ab9a8060918879be2d64c5f
DE1405,อัตราการเกิดภาวะแทรกซ้อนจากการส่องกล้องทางเดินอาหารส่วนต้นเพื่อรักษา UGIH,Upper gastrointestinal hemorrhage (UGIH): Complication rates of upper endoscopic treatment,,ทุกเดือน (รายเดือน),HOSxP,158,lower-is-better,01-hosxp/THIP_DE1405.sql,22011,0c349af1c8b0b53cbb96395b10adc1e85179d030fcf770a430480f7f64a5f895
DG0101,ร้อยละการรับกลับเข้าโรงพยาบาลของผู้ป่วย Upper GI Hemorrhage ภายใน 28 วัน โดย ไม่ได้วางแผน,Upper gastrointestinal hemorrhage (UGIH): Percent of unplanned re-admission into the hospital within 28 days after last discharge,,ทุกเดือน (รายเดือน),HOSxP,129,lower-is-better,01-hosxp/THIP_DG0101.sql,21530,7b98c370e9823de85f7f94673cc0f61955fc2a528c1af34f4eedf44670fa13c3
DG0102,ระยะเวลาวันนอนเฉลี่ยผู้ป่วย Upper GI hemorrhage (UGIH),Upper gastrointestinal hemorrhage (UGIH): Average length of stay,,ทุกเดือน (รายเดือน),HOSxP,130,lower-is-better,01-hosxp/THIP_DG0102.sql,20297,246cc05a304bdedb1af73ae17b4702472304adb97729a16afbbe5229a09fc0a0
DG0201,ร้อยละการเกิดไส้ติ่งทะลุในผู้ป่วยโรคไส้ติ่งอักเสบ,Acute appendicitis: Percent of abruption,,ทุกเดือน (รายเดือน),HOSxP,131,lower-is-better,01-hosxp/THIP_DG0201.sql,20172,5a6ff37bf6c763df6444eedf6ba6ab9e9232e2728302016be9aec39b742800e2
DG0202,ร้อยละการเสียชีวิตจากไส้ติ่งอักเสบ,Acute appendicitis: Percent of mortality,,ทุกเดือน (รายเดือน),HOSxP,132,lower-is-better,01-hosxp/THIP_DG0202.sql,19973,6c97960550aa84ef5c803989b60959afe0b3e0d938dbc583fb38121407071ba4
DH0101,ร้อยละการเสียชีวิตของผู้ป่วยภาวะหัวใจขาดเลือดเฉียบพลัน,Acute coronary syndrome: Percent of mortality,,ทุกเดือน (รายเดือน),HOSxP,48,lower-is-better,01-hosxp/THIP_DH0101.sql,20468,f803d8d70524bb0d9443d6a4fb1eab3ad37fdec2f431b3074823861e20513d7f
DH0101.1,ร้อยละการเสียชีวิตของผู้ป่วยภาวะหัวใจขาดเลือดเฉียบพลันชนิด ST segment ยกขึ้น (STEMI),Acute coronary syndrome: Percent of mortality (STEMI),,ทุกเดือน (รายเดือน),HOSxP,49,lower-is-better,01-hosxp/THIP_DH0101.1.sql,20716,1347705d56d0e3f69e8a14ad0f27c7e965c4bbe51f7cdf3e751eb29171ec9ecf
DH0101.2,ร้อยละการเสียชีวิตของผู้ป่วยภาวะหัวใจขาดเลือดเฉียบพลันชนิด ST segment ไม่ยกขึ้น (NSTE-ACS),Acute coronary syndrome : Percent of mortality (NSTE-ACS),,ทุกเดือน (รายเดือน),HOSxP,50,lower-is-better,01-hosxp/THIP_DH0101.2.sql,20729,45a97a4852dd5715efea4b0cc0928edff3f274b52bc21b2009bef9b0391f500d
DH0102,ร้อยละผู้ป่วยภาวะหัวใจขาดเลือดเฉียบพลันที่ได้รับยา Aspirin ภายใน 24 ชั่วโมงเมื่อมาถึง โรงพยาบาล,Acute coronary syndrome: Percent of patient receiving Aspirin within 24 hours of arrival,,ทุกเดือน (รายเดือน),HOSxP,51,higher-is-better,01-hosxp/THIP_DH0102.sql,21536,88f57f533d6d74b13eaa33386a6103e2fe69a95768d3d63226a220abfdd11012
DH0103,ร้อยละผู้ป่วยภาวะหัวใจขาดเลือดเฉียบพลัน ที่ได้รับการสั่งยา Aspirin เมื่อจำหน่ายออก จากโรงพยาบาล,Acute Coronary Syndrome: Percent of Aspirin prescribed at discharge,,ทุกเดือน (รายเดือน),HOSxP,52,higher-is-better,01-hosxp/THIP_DH0103.sql,21400,68525ac631560a13c5a66f0797a7577fdb62391fb1647fe970507eb133db38e2
DH0104,ร้อยละผู้ป่วยภาวะหัวใจขาดเลือดเฉียบพลัน ที่มี LVSD และได้รับยา ACE inhibitors หรือ ARBs,Acute coronary syndrome: Percent of ACE inhibitors or ARBs received for patient who have LVSD,,ทุกเดือน (รายเดือน),HOSxP,53,higher-is-better,01-hosxp/THIP_DH0104.sql,22171,31a8b532daba71a10c1cdafb253b279859a6a2293a939745c50efa5a0c50d344
DH0105,ร้อยละผู้ป่วยภาวะหัวใจขาดเลือดเฉียบพลัน ที่สูบบุหรี่และได้รับการแนะนำให้งดบุหรี่ ระหว่างการอยู่โรงพยาบาล,Acute coronary syndrome: Percent of smoking cessation advice given,,ทุกเดือน (รายเดือน),HOSxP,55,higher-is-better,01-hosxp/THIP_DH0105.sql,23742,993ddc807adf3ee9c07aedcd35ce50dd538d0d65eeca03d3b20f510ab177dd2d
DH0106,ร้อยละผู้ป่วยภาวะหัวใจขาดเลือดเฉียบพลัน ที่ได้รับยา Beta-blocker ระหว่างรับไว้รักษา ในโรงพยาบาล,Acute coronary syndrome: Percent of Beta-blocker receiving during hospital admitted,,ทุกเดือน (รายเดือน),HOSxP,56,higher-is-better,01-hosxp/THIP_DH0106.sql,21917,ea77452d8f9931c93694eedacb3d1f7c1688421b24e945948e26dcb5cdad7e5e
DH0107,ร้อยละผู้ป่วยภาวะหัวใจขาดเลือดเฉียบพลัน ที่ได้รับการสั่งยา Beta-blocker เมื่อจำหน่าย จากโรงพยาบาล,Acute coronary syndrome: Percent of Beta-blocker prescribed at discharge,,ทุกเดือน (รายเดือน),HOSxP,57,higher-is-better,01-hosxp/THIP_DH0107.sql,22125,c439dfea641c4259c543be959749ef728b85b58aa43275f3a0951c53ee81722e
DH0108,ระยะเวลาเฉลี่ยที่ผู้ป่วยภาวะหัวใจขาดเลือดเฉียบพลัน ที่ได้รับการทำ EKG เมื่อมาถึง โรงพยาบาล,Acute coronary syndrome: Average door to EKG time,,ทุกเดือน (รายเดือน),HOSxP,58,lower-is-better,01-hosxp/THIP_DH0108.sql,22732,92cca10c96465a8c9872e8f7c8efb77108e2b72b9c33a5ee44b8e4fb7983ea9e
DH0109,ระยะเวลาเฉลี่ยที่ผู้ป่วยภาวะหัวใจขาดเลือดเฉียบพลัน มาถึงโรงพยาบาลจนได้รับการส่งต่อ,Acute coronary syndrome: Average door to refer time,,ทุกเดือน (รายเดือน),HOSxP,59,lower-is-better,01-hosxp/THIP_DH0109.sql,21876,676cc2e9d2e963e0f4e3513e98924dae2f1a65bd05338b8748f79bdd06da61bd
DH0110,ร้อยละผู้ป่วยภาวะหัวใจขาดเลือดเฉียบพลัน ชนิด ST segment ยกขึ้น (STEMI) ที่ได้รับ Primary Percutaneous Coronary Intervention (PPCI) ภายใน 120 นาที หรือ Fibrinolytic Agent ภายใน 30 นาทีเมื่อแรกรับ,Acute coronary syndrome (STEMI): Percent of Primary Percutaneous Coronary Intervention (PCI) given within 120 minutes or received Fibrinolytic agent within 30 minutes of arrival,,ทุก 3 เดือน (รายไตรมาส),HOSxP,60,higher-is-better,01-hosxp/THIP_DH0110.sql,24186,77223ac8bde8535ff9240b6f2a9910ab07f3d14768b93f2c2bd2add2f83268c7
DH0111,ร้อยละการรับกลับเข้าโรงพยาบาลของผู้ป่วยภาวะหัวใจขาดเลือดเฉียบพลัน ภายใน 28 วัน โดยไม่ได้วางแผน,Acute coronary syndrome: Percent of unplanned re-admission within 28 days after last discharge,,ทุกเดือน (รายเดือน),HOSxP,62,lower-is-better,01-hosxp/THIP_DH0111.sql,21402,7bb847e4b81d74de146e1d2b85d7b4ac93c502bebe86d0af19e78a363e4c3d13
DH0112,ระยะเวลาวันนอนเฉลี่ยผู้ป่วยภาวะหัวใจขาดเลือดเฉียบพลัน,Acute coronary syndrome: Average length of stay,,ทุกเดือน (รายเดือน),HOSxP,63,lower-is-better,01-hosxp/THIP_DH0112.sql,20185,8fa1bf45406d7e2d1d045fae175a0a0a955262697302c036b02ffd1a7eda0581
DH0113,ร้อยละผู้ป่วยภาวะหัวใจขาดเลือดเฉียบพลัน ชนิด ST segment ยกขึ้น (STEMI) ที่ได้รับ Fibrinolytic agent ภายใน 30 นาทีเมื่อมาถึงโรงพยาบาล,Acute coronary syndrome (STEMI) : Percent of time to Fibrinolytic administration agents within 30 minutes of arrival,,ทุกเดือน (รายเดือน),HOSxP,64,higher-is-better,01-hosxp/THIP_DH0113.sql,22679,abcd9114f03279b99f020460264a42f9504a06b8224013a9aa758968e77c5c41
DH0201,ร้อยละการเสียชีวิตของผู้ป่วยที่ทำ Coronary Artery Bypass Graft (CABG),Coronary Artery Bypass Graft (CABG): Percent of mortality,,ทุกเดือน (รายเดือน),HOSxP,66,lower-is-better,01-hosxp/THIP_DH0201.sql,20454,c8700428559bd540654e5453ba4f647bcf71d5d5f838991a52c92c14d43e4bff
DH0202,ร้อยละการได้รับยาปฏิชีวนะแบบป้องกันในการผ่าตัด Coronary Artery Bypass Graft (CABG),Coronary Artery Bypass Graft (CABG): Percent of patient who received antibiotic prophylaxis,,ทุกเดือน (รายเดือน),HOSxP,67,higher-is-better,01-hosxp/THIP_DH0202.sql,21902,cda41344862abba0b5754392e9c751781f302975ed582bb865857a120b113395
DH0203,ร้อยละการติดเชื้อแผลผ่าตัด Coronary Artery Bypass Graft (CABG),Coronary Artery Bypass Graft (CABG): Percent of surgical site Infection,,ทุกเดือน (รายเดือน),HOSxP,68,lower-is-better,01-hosxp/THIP_DH0203.sql,21829,a42faacd7595b0ac16881494dd113db086060749594ab9c79fd904ec89f09d27
DH0204,ร้อยละการเสียชีวิตของผู้ป่วยที่ทำCABG ภายใน30 วันหลังรับการรักษาแบบผู้ป่วยในวันแรก,Coronary Artery Bypass Graft (CABG): percent of 30 - day hospital mortality,,ทุกเดือน (รายเดือน),HOSxP,69,lower-is-better,01-hosxp/THIP_DH0204.sql,22321,e38390b57943a3621f9156012d87a8513913dd276258da3ab374362a000da61c
DH0301,ร้อยละผู้ป่วยในที่มีหัวใจล้มเหลวที่เป็น Heart Failure Reduced Ejection Fraction (HFREF) ได้รับยา Angiotensin II Converting Enzyme inhibitors (ACEIs) หรือ Angiotensin II Receptor Blockers (ARBs) หรือ Mineralocorticoid Receptor Antagonists (MRA),Heart failure: Percent of patient with Heart Failure Reduced Ejection Fraction (HFREF) received Angiotensin II Converting Enzyme inhibitors (ACEIs) or Angiotensin II Receptor Blockers (ARBs) or Mineralocorticoid Receptor Antagonists (MRA),,ทุกเดือน (รายเดือน),HOSxP,70,higher-is-better,01-hosxp/THIP_DH0301.sql,23654,3653e4e9f8f413d40cfc22e8de4a59c014c0d35a56e72b784ec57cd582c67c42
DH0302,ร้อยละของผู้ป่วยที่มีภาวะหัวใจล้มเหลว ที่สูบบุหรี่ ได้รับการแนะนำให้งดบุหรี่ ระหว่างการ อยู่โรงพยาบาล,Heart failure: Percent of smoking cessation advice given,,ทุกเดือน (รายเดือน),HOSxP,72,higher-is-better,01-hosxp/THIP_DH0302.sql,22433,15b24f4228288fa9d34d41dd0ece282df3dec1d9eb188739588e443fc89f8bd1
DH0401,ร้อยละของผู้ป่วย AF ได้รับยา Warfarin มีระดับ INR ตามเป้าหมายการรักษา,Atrial fibrillation (AF): Percent of patient received Warfarin within target dose,,ทุก 3 เดือน (รายไตรมาส),HOSxP,73,higher-is-better,01-hosxp/THIP_DH0401.sql,21321,a90d69f8e630caf8496aa8bd5757ba26759f4769024acefcbaefc820f21a747f
DH0402,ร้อยละของการเกิด adverse event (major bleeding) ของผู้ป่วย AF ที่ได้รับยา Warfarin,Atrial fibrillation (AF): Percent of major bleeding (intracranial hemorrhage and hemorrhage need blood transfusion),,ทุก 3 เดือน (รายไตรมาส),HOSxP,75,lower-is-better,01-hosxp/THIP_DH0402.sql,21723,c443f55673c8081f6ea71081eae2ba60dba95f9aac503d47d05fa41e5adc2dc1
DM0101,ร้อยละเด็กพัฒนาการล่าช้ารอบด้าน (Global development delay: GDD) มีพัฒนาการดี ขึ้น,GDD: Percent of children with global development delay that improved after intervented,,ทุก 6 เดือน (รายครึ่งปี),HOSxP,160,higher-is-better,01-hosxp/THIP_DM0101.sql,23356,48a6e630f056f8bf4eff5aa2f537aa3edd923e5cc06bd8b7cf5632dd1808328e
DM0102,ร้อยละเด็กพัฒนาการล่าช้ารอบด้าน (Global development delay: GDD) มีพัฒนาการดี ขึ้น จากการประเมินโดยใช้เครื่องมือ TEDA4I,GDD: Percent of children with Global development delay that improved after intervented with TEDA4I,,ทุก 6 เดือน (รายครึ่งปี),HOSxP,161,higher-is-better,01-hosxp/THIP_DM0102.sql,24179,cf37d4b11a2bdc75f2f6721686ebe0f854ffe0ce401e460de5f9d3bc3377d49f
DM0201,ร้อยละเด็กออทิสติกมีพัฒนาการด้านภาษาและสังคมดีขึ้น,ASD: Percent of children with Autism Spectrum Disorder (ASD) with social and communication skills improvement,,ทุก 6 เดือน (รายครึ่งปี),HOSxP,163,higher-is-better,01-hosxp/THIP_DM0201.sql,23089,635a723f239ee1b05e10204f758198ea5fa5746f2ae270b87350a52543c8d1b6
DM0202,ร้อยละเด็กออทิสติกมีพัฒนาการด้านภาษาและสังคมดีขึ้น จากการประเมินโดยใช้เครื่องมือ TEDA4I,ASD: Percent of children with Autism spectrum disorder (ASD) with social and communication skills improvement with TEDA4I,,ทุก 6 เดือน (รายครึ่งปี),HOSxP,164,higher-is-better,01-hosxp/THIP_DM0202.sql,23760,cf1eed6b898932f91de2a681dafea200c65b2339902d76d8d19085e7103ed5f1
DM0301,ร้อยละผู้ป่วยเด็กสมองพิการ (Cerebral palsy) มีพัฒนาการดีขึ้น,Cerebral palsy: Percent of children with Cerebral palsy that improved after intervented,,ทุก 6 เดือน (รายครึ่งปี),HOSxP,166,higher-is-better,01-hosxp/THIP_DM0301.sql,23387,57e48a833c97909f10b6a652fe05da638785b7ad2f623e99aad1cce5d99764ef
DM0302,ร้อยละผู้ป่วยเด็กสมองพิการ (Cerebral palsy) มีพัฒนาการดีขึ้น จากการประเมินโดยใช้ เครื่องมือ TEDA4I,Cerebral palsy: Percent of children with Cerebral palsy that improved after intervented,,ทุก 6 เดือน (รายครึ่งปี),HOSxP,167,higher-is-better,01-hosxp/THIP_DM0302.sql,24029,1afe32ab36abb607c526add0641a8589dbca9e491af121d2d5422490a84774a7
DN0101,ร้อยละการเสียชีวิตของผู้ป่วย Stroke,Stroke: Percent of mortality,,ทุกเดือน (รายเดือน),HOSxP,76,lower-is-better,01-hosxp/THIP_DN0101.sql,19970,1372cd1e8a6d70767f960a56bd87c8eee9ca728131a4950046596eabb2e45cac
DN0102,ร้อยละผู้ป่วยโรคสมองขาดเลือดที่ได้รับยาต้านเกล็ดเลือด (Antiplatelet) ภายใน 2 วัน หลังเข้ารับการรักษาในโรงพยาบาล,Ischemic Stroke: Percent of patient receiving Antiplatelet within 2 days of hospital admission,,ทุกเดือน (รายเดือน),HOSxP,77,higher-is-better,01-hosxp/THIP_DN0102.sql,21901,c53e4546033b0f665cd46b54006980615d8d47b2b3a33df74339c0122991ade5
DN0103,ร้อยละผู้ป่วยโรคหลอดเลือดสมองขาดเลือดที่ได้รับการสั่งยาต้านเกล็ดเลือด (Antiplatelet) หรือยาต้านภาวะแข็งตัวของเลือด (Anticoagulant) ขณะจำหน่ายออกจากโรงพยาบาล,Ischemic Stroke: Percent of Antiplatelet or Anticoagulant therapy prescribed at discharge,,ทุกเดือน (รายเดือน),HOSxP,78,higher-is-better,01-hosxp/THIP_DN0103.sql,22904,a7e3fcc3090a719bba7379508c5e3d170d02b0f99f9c4cba23d408f789011597
DN0104,ร้อยละผู้ป่วยโรคหลอดเลือดสมองขาดเลือดที่มีภาวะหัวใจห้องบนเต้นระริกหรือหัวใจห้อง บนเต้นระรัวได้รับยาต้านภาวะแข็งตัวของเลือด (Anticoagulant),Ischemic Stroke: Percent of patient with Atrial fibrillation/flutter receiving Anticoagulation therapy,,ทุกเดือน (รายเดือน),HOSxP,79,higher-is-better,01-hosxp/THIP_DN0104.sql,22357,abdcd5f19eb83b5614828d0ccb6451d9c623ad67ce337d05f169d2208ab92e85
DN0105,ร้อยละผู้ป่วยโรคหลอดเลือดสมองได้รับความรู้ในขณะอยู่ที่โรงพยาบาล,Stroke: Percent of patients who were given stroke education during their hospital stay,,ทุกเดือน (รายเดือน),HOSxP,80,higher-is-better,01-hosxp/THIP_DN0105.sql,22117,5737607d099d64b5c4228f7dd0ecebd4c1600f5e409239c4a20e89f00f665501
DN0106,ร้อยละผู้ป่วยโรคหลอดเลือดสมองได้รับการประเมินและได้รับการรักษาด้านเวชศาสตร์ ฟื้นฟูเพื่อฟื้นฟูสมรรถภาพภายใน 72 ชั่วโมง,"Stroke: Percent of treatment, physiotherapy or rehabilitation in stroke or paralytic syndrome within 72 hours",,ทุกเดือน (รายเดือน),HOSxP,81,higher-is-better,01-hosxp/THIP_DN0106.sql,21742,e7a0732e51e065e4571584824e4b877c235a9efabda39f7c94412a6d89f43fa4
DN0107,ร้อยละการรับกลับเข้าโรงพยาบาลของผู้ป่วย Stroke ด้วยโรคหลอดเลือดสมองเดิม ภายใน 28 วัน โดยไม่ได้วางแผน,Stroke: Percent of unplanned re-admission of stroke within 28 days,,ทุกเดือน (รายเดือน),HOSxP,82,lower-is-better,01-hosxp/THIP_DN0107.sql,21353,b3896859d479119813e2fac4997ebcd6794f9a68760bb2597b3e9dc9bc4103e8
DN0109,ระยะเวลาวันนอนเฉลี่ยของผู้ป่วย Stroke,Stroke: Average length of stay,,ทุกเดือน (รายเดือน),HOSxP,83,lower-is-better,01-hosxp/THIP_DN0109.sql,19927,ba3e7d1be1be4bbea8299ee0321eafac918980b151ac84af875a90def4f32c35
DN0110,ร้อยละผู้ป่วย Ischemic stroke ที่ได้รับ Thrombolytic agents ภายใน 60 นาที เมื่อ มาถึงโรงพยาบาล,Ischemic Stroke: Percent of time to thrombolytic administration agents within 60 minutes of arrival,,ทุกเดือน (รายเดือน),HOSxP,84,higher-is-better,01-hosxp/THIP_DN0110.sql,24091,5ea1b78f3a17e01aeebfcea754ec272aeade533e3d28e9aad5ca43fa27072284
DN0301,ร้อยละการรับกลับเข้าโรงพยาบาลของผู้ป่วยที่ทำ Craniotomy โดยมีสาเหตุจากการ บาดเจ็บที่ศีรษะ ภายใน 28 วัน โดยไม่ได้วางแผน,Head Injury: Percent of unplanned re-admission of Craniotomy within 28 days,,ทุกเดือน (รายเดือน),HOSxP,85,lower-is-better,01-hosxp/THIP_DN0301.sql,21720,63496ee6b311f714a83294c70b74e665907688152ae40aee67bf5baaa08698b6
DN0302,ร้อยละของผู้ป่วยบาดเจ็บที่ศีรษะที่เสียชีวิตภายใน 48 ชั่วโมง ภายหลังการบาดเจ็บ (เฉพาะผู้ป่วยบาดเจ็บต่อสมอง),Head Injury: Percent of mortality within 48 hours,,ทุกเดือน (รายเดือน),HOSxP,86,lower-is-better,01-hosxp/THIP_DN0302.sql,20847,126bea220e87d34e3846ee5823ab4e7092c8faa4d1b6918f47c6201f956bd251
DN0303,ร้อยละการผ่าตัดสมองในผู้ป่วยบาดเจ็บที่ศีรษะที่มี Intracranial injury,Head Injury: Percent of patient underwent craniotomy for Intracranial injury,,ทุกเดือน (รายเดือน),HOSxP,87,higher-is-better,01-hosxp/THIP_DN0303.sql,20790,09b14f7676b0b9b3eeeeabec72516cba3f5a2d213b4dd428fb1cd23e9807829f
DO0202,ร้อยละของผู้ป่วยผ่าตัดเปลี่ยนข้อสะโพก ได้รับ prophylactic antibiotic,Hip arthroplasty: Percent of patients who received antibiotic prophylaxis in Hip arthroplasty,,ทุกเดือน (รายเดือน),HOSxP,123,higher-is-better,01-hosxp/THIP_DO0202.sql,21632,37cdd87cd187e598d371cef0e892f97dc8844843adbb7ca04710f5b9474c86c6
DO0204,ร้อยละการติดเชื้อแผลผ่าตัดเปลี่ยนข้อสะโพกภายใน 1 ปี,Hip arthroplasty: Percent of Hip arthroplasty associated infection within 1 Year,,ทุกเดือน (รายเดือน),HOSxP,124,lower-is-better,01-hosxp/THIP_DO0204.sql,21701,9ef370e0397d5d756e0edd8ab6127323d9cffe2eec9415962a59e1b3df04ad86
DO0205,ร้อยละการติดเชื้อแผลผ่าตัดเปลี่ยนข้อสะโพกภายใน 90 วัน,Hip arthroplasty: Percent of Hip arthroplasty associated infection within 90 days,,ทุกเดือน (รายเดือน),HOSxP,125,lower-is-better,01-hosxp/THIP_DO0205.sql,21786,686293d435f6da0e94247173f8169e93b223b440c4f7e238e9c4b78b372391cb
DO0302,ร้อยละของผู้ป่วยผ่าตัดเปลี่ยนข้อเข่า ได้รับ prophylactic antibiotic,Knee arthroplasty: Percent of patients who received antibiotic prophylaxis,,ทุกเดือน (รายเดือน),HOSxP,126,higher-is-better,01-hosxp/THIP_DO0302.sql,21540,2c86469665e9b583fa4288059487f839f60d8aad2cc0a5dbc9071b4dacd42a09
DO0303,ร้อยละการติดเชื้อในข้อเข่าหลังการผ่าตัดเปลี่ยนข้อเข่าภายใน 1 ปี,Knee artrhoplasty: Percent of surgical infection within 1 year,,ทุกเดือน (รายเดือน),HOSxP,127,lower-is-better,01-hosxp/THIP_DO0303.sql,21771,e361d87bcb047ebcfe778ecc1fc7c96ac768430b1263ada5af2124322d0399d2
DO0304,ร้อยละการติดเชื้อในข้อเข่าหลังการผ่าตัดเปลี่ยนข้อเข่าภายใน 90 วัน,Knee artrhoplasty: Percent of surgical infection within 90 days,,ทุกเดือน (รายเดือน),HOSxP,128,lower-is-better,01-hosxp/THIP_DO0304.sql,21856,a55569c1e0c1e8dadb02a79af440f9c748d59fff09109269ffabb05ab24f06e0
DP0101,ร้อยละของผู้ป่วยเบาหวานชนิดที่ 1 ในเด็กและวัยรุ่นอายุน้อยกว่า 18 ปีที่ควบคุมระดับ น้ำตาลได้ดี,Diabetes in child and adolescent: Percent of good controlled of blood sugar (age < 18 years),,ทุกปี (รายปี),HOSxP,133,higher-is-better,01-hosxp/THIP_DP0101.sql,21875,e8b138dc04428633e3a3ff9736ac2b1dd827427e88ebae32221ca69cae9e75f1
DR0101,ร้อยละการเสียชีวิตหลังจากเข้ารับการรักษาของผู้ป่วยโรคปอดบวม,Pneumonia: Percent of mortality after hospital admission,,ทุกเดือน (รายเดือน),HOSxP,88,lower-is-better,01-hosxp/THIP_DR0101.sql,20853,487d499f41beeb26cf1530885dd7c6ee37e900a9b32086c9d84b09813c6becfe
DR0102,ร้อยละการรับกลับเข้าโรงพยาบาลของผู้ป่วยโรคปอดบวมภายใน 28 วัน โดยไม่ได้วางแผน,Pneumonia: Percent of unplanned re-admission within 28 days after last discharge,,ทุกเดือน (รายเดือน),HOSxP,89,lower-is-better,01-hosxp/THIP_DR0102.sql,21266,92393308b0bb0707f72b27d3fb4c116617e5bc125a3faf71011d4f89ff81887b
DR0103,ร้อยละผู้ป่วยโรคปอดบวมได้รับคำแนะนำให้อดหรือเลิกบุหรี่ ระหว่างอยู่ในโรงพยาบาล,Pneumonia: Percent of smoking cessation advice given,,ทุกเดือน (รายเดือน),HOSxP,90,higher-is-better,01-hosxp/THIP_DR0103.sql,23490,8491a543b42e739a75f6cb0aef54087230bde619a0b0f74a74e7d05d53de5241
DR0201,ร้อยละการเสียชีวิตของผู้ป่วยวัณโรคปอดในช่วง 12 เดือน,TB: Percent of mortality during 12 months,,ทุกปี (รายปี),HOSxP,91,lower-is-better,01-hosxp/THIP_DR0201.sql,20121,ba1836728d6f6fbb474fcfe572ac8c42b33a8cc864c50abe2af90d34022f801f
DR0202,ร้อยละของผู้ติดเชื้อเอชไอวี ได้รับการคัดกรองวัณโรคปอด,TB: Percentage of people living with HIV having a TB screening,,ทุกปี (รายปี),HOSxP,92,higher-is-better,01-hosxp/THIP_DR0202.sql,22052,7c98b42b31a55cd3429e9be80bbba7af5ec6bebdb99b3dd57800aba83ca51d0d
DR0203,ร้อยละความสำเร็จการรักษาวัณโรค,TB: Percent of treatment success,,ทุกปี (รายปี),HOSxP,93,higher-is-better,01-hosxp/THIP_DR0203.sql,21550,577eed5545d396b7248c2ba04e6994b28c8884e50cd539cbfc90e795279f3e64
DR0204,ร้อยละผู้ป่วยวัณโรคได้รับการตรวจคัดกรอง HIV,TB: Percent of TB having a HIV screening,,ทุกปี (รายปี),HOSxP,94,higher-is-better,01-hosxp/THIP_DR0204.sql,21763,71fff47e377cb2215af59bf5de6feb9dbacb76f57e55a991f3004fb8f9a74842
DR0205,ร้อยละผู้ป่วยวัณโรคที่มีผลเลือดเอชไอวีบวกได้รับการรักษาด้วย Antiretroviral therapy (ART),TB: Percent of HIV-positive TB patients started on Antiretroviral therapy (ART),,ทุกปี (รายปี),HOSxP,95,higher-is-better,01-hosxp/THIP_DR0205.sql,22264,8e611254b4e546e354c93e00cfcd311d87ce15b236754c3737d1f87958828b6d
DR0301,ร้อยละการรับกลับเข้าโรงพยาบาลของผู้ป่วย Asthma ภายใน 28 วัน โดยไม่ได้วางแผน,Asthma: Percent of unplanned re-admission within 28 days after last discharge,,ทุกเดือน (รายเดือน),HOSxP,96,lower-is-better,01-hosxp/THIP_DR0301.sql,21073,a7e0f38552452ba99c40bb67f1b1daa9024b38a0d5413291b96406861b352b26
DR0302,ร้อยละผู้ป่วย Asthma ได้รับคำแนะนำให้อดหรือเลิกบุหรี่ ระหว่างอยู่ในโรงพยาบาล,Asthma: Percent of smoking cessation advice given,,ทุกเดือน (รายเดือน),HOSxP,97,higher-is-better,01-hosxp/THIP_DR0302.sql,22129,b3b1a93d1b1e561e26ed4a7cf2740b711afb8ed6da6b160c6171327cccdd8bd9
DR0401,ร้อยละการรับกลับเข้าโรงพยาบาลของผู้ป่วย COPD ภายใน 28 วัน โดยไม่ได้วางแผน,COPD: Percent of unplanned re-admission into the hospital within 28 days after last discharge,,ทุกเดือน (รายเดือน),HOSxP,98,lower-is-better,01-hosxp/THIP_DR0401.sql,21113,eb0f2ff67890e634c04044ec5f90c7cf5331885ed86e11aeefd8cae4d470ef65
DR0403,ร้อยละการเสียชีวิตจากโรคปอดอุดกั้นเรื้อรัง,COPD: Percent of mortality,,ทุกเดือน (รายเดือน),HOSxP,99,lower-is-better,01-hosxp/THIP_DR0403.sql,20033,d64d54fff3419aa06d0b84ce6ecb3005a69346a769e7738f7b6f24f0f4a38544
DR0404,ร้อยละของผู้ป่วยโรคปอดอุดกั้นเรื้อรังที่ยังสูบบุหรี่,COPD: Percent of patient with ongoing smoking,,ทุก 3 เดือน (รายไตรมาส),HOSxP,100,lower-is-better,01-hosxp/THIP_DR0404.sql,21902,13cc6a45cd8b7575027d95a2a3f0b6749b4e3b38cb268852a1b8ec63cf7b8b5a
DS0401,อัตราคงอยู่ในการบำบัดรักษา 1 ปีด้วยเมทาโดนระยะยาว ของผู้ติดสารเสพติดในกลุ่ม opioid,Opioid group: 1 year retention rate of opioid in methadone maintenance program,,ทุก 3 เดือน (รายไตรมาส),HOSxP,138,higher-is-better,01-hosxp/THIP_DS0401.sql,21474,9b47729bf25ac5f529b95777ca0f433cd3a7a233d7da767a5fd6a11e55948433
HC0101,ความสามารถในการดูแลตนเอง/การดูแลผู้ป่วยของญาติโรค Asthma,Customer: Asthma patients or their relative(s) who are able to care for the patient's needs,,ทุกปี (รายปี),HOSxP,279,lower-is-better,01-hosxp/THIP_HC0101.sql,21985,80ea4bbec74493d95f75d8fc10d677a90a655283074983e24f0d1ee657d28c22
HC0102,ความสามารถในการดูแลตนเอง/ การดูแลผู้ป่วยของญาติโรค COPD,Customer: COPD patients or their relative(s) who are able to care for the patient's needs,,ทุกปี (รายปี),HOSxP,280,lower-is-better,01-hosxp/THIP_HC0102.sql,22422,c33a67c994fb9755bbd3d64656c2b83045df30f19e26da1fff91f48f0a435ce1
HE0101,ร้อยละบุคลากรได้รับการตรวจร่างกายประจำปี,Employee: Percent of employee check-up,,ทุกปี (รายปี),HOSxP,273,higher-is-better,01-hosxp/THIP_HE0101.sql,21112,14fc70b0c9a043eb1897fc208ebca77f050c9c1190720376e98b82139713dec1
HE0102,ร้อยละบุคลากรที่มีดัชนีมวลกาย (BMI) เกินเกณฑ์มาตรฐาน,Employee: Percent of employee have exceeding BMI,,ทุกปี (รายปี),HOSxP,274,lower-is-better,01-hosxp/THIP_HE0102.sql,21633,e1124d7aede8e671c17dbedd692d7d9d46b5b8ba495769d8d753e531885a4fae
HE0103,ร้อยละบุคลากรที่มีพฤติกรรมการสูบบุหรี่,Employee: Percent of employee have behavior-smoky,,ทุกปี (รายปี),HOSxP,275,lower-is-better,01-hosxp/THIP_HE0103.sql,21113,eeb7528b2114fba1d093b77b500bcdbfb165fda9ccb203d1fe4651bfb86da403
HE0104,ร้อยละบุคลากรเพศชายมีภาวะอ้วนลงพุง,Employee: Percent of employee (male) obesity,,ทุกปี (รายปี),HOSxP,276,lower-is-better,01-hosxp/THIP_HE0104.sql,21665,6f334e07c90727d0ae0bb25ccf999cdf1bb0c2ea870215a80c86a208c08d2e5d
HE0105,ร้อยละบุคลากรเพศหญิงมีภาวะอ้วนลงพุง,Employee: Percent of employee (female) obesity,,ทุกปี (รายปี),HOSxP,277,lower-is-better,01-hosxp/THIP_HE0105.sql,21700,3838da0b43834f02103f9cc826ad4e0a43690d98274d743b16c55428f1419765
HE0106,ร้อยละบุคลากรได้รับวัคซีนไข้หวัดใหญ่,Employee: Percent of employee received Influenza immunization,,ทุกปี (รายปี),HOSxP,278,higher-is-better,01-hosxp/THIP_HE0106.sql,21376,259611d904abeb81e48b802b7a9466048e1d859b8b325bce772801a283cf75c6
HH0101.1,ร้อยละการคัดกรองสถานะการบริโภคยาสูบของผู้รับบริการที่มีอายุ 15 ปีขึ้นไปที่มาใช้ บริการผู้ป่วยนอกของสถานพยาบาล,Tobacco Use: Percent of Tobacco Use Screened of Service Recipients aged ≥ 15 years old at the Outpatient Service.,,ทุก 3 เดือน (รายไตรมาส),HOSxP,281,higher-is-better,01-hosxp/THIP_HH0101.1.sql,21877,cc00226e1e84c44a22ab2130b8e6ee04f8c43b103ee32dcdd02304b56a443c3e
HH0101.2,ร้อยละการคัดกรองสถานะการบริโภคยาสูบของผู้รับบริการที่มีอายุ 15 ปีขึ้นไปที่มาใช้ บริการผู้ป่วยในของสถานพยาบาล,Tobacco Use: Percent of Tobacco Use Screened of Service Recipients aged ≥ 15 years old at the In-patient Service.,,ทุก 3 เดือน (รายไตรมาส),HOSxP,282,higher-is-better,01-hosxp/THIP_HH0101.2.sql,21904,806901c73c90497084750995d8787929e1d97c9cf8694f7f66ae5a1cc4377b75
HH0102,ร้อยละของผู้รับบริการที่มีภาวะติดนิโคตินที่ได้รับบริการบำบัดภาวะติดนิโคติน,Tobacco Use: Percentage of nicotine dependence patients receiving nicotine dependence treatment.,,ทุก 6 เดือน (รายครึ่งปี),HOSxP,283,higher-is-better,01-hosxp/THIP_HH0102.sql,23560,fb465ccc746762be5ccb5dc9966e20509a1f952be460638f103581ebe09e7c90
HH0103.1,ร้อยละของผู้รับบริการกลุ่มโรคเบาหวานที่มีภาวะติดนิโคตินและได้รับบริการบำบัดภาวะติด นิโคติน,Tobacco Use: Percentage of nicotine dependence in DM patients receiving nicotine dependence treatment.,,ทุก 6 เดือน (รายครึ่งปี),HOSxP,284,higher-is-better,01-hosxp/THIP_HH0103.1.sql,24470,ff49ce94e9bba9948d4b1dbc9a3b3b0d1df546785f52100aa0ee8ee5ed9378d5
HH0103.2,ร้อยละของผู้รับบริการกลุ่มโรคความดันโลหิตสูงที่มีภาวะติดนิโคตินและได้รับบริการบำบัด ภาวะติดนิโคติน,Tobacco Use: Percentage of nicotine dependence in Hypertension patients receiving nicotine dependence treatment.,,ทุก 6 เดือน (รายครึ่งปี),HOSxP,285,higher-is-better,01-hosxp/THIP_HH0103.2.sql,24602,d59d18454377e124f4eaab98462226838d2c86e7c9114420f97149ceb6449d38
HH0103.3,ร้อยละของผู้รับบริการกลุ่มโรคหืดที่มีภาวะติดนิโคตินและได้รับบริการบำบัดภาวะติด นิโคติน,Tobacco Use: Percentage of nicotine dependence in Asthma patients receiving nicotine dependence treatment.,,ทุก 6 เดือน (รายครึ่งปี),HOSxP,286,higher-is-better,01-hosxp/THIP_HH0103.3.sql,24396,bf1eacee54e11649910899ca6ba7edd48ba1537a8c4e341cb805815592b2cb5b
HH0103.4,ร้อยละของผู้รับบริการกลุ่มโรคถุงลมโป่งพองที่มีภาวะติดนิโคตินและได้รับบริการบำบัด ภาวะติดนิโคติน,Tobacco Use: Percentage of nicotine dependence in COPD patients receiving nicotine dependence treatment.,,ทุก 6 เดือน (รายครึ่งปี),HOSxP,287,higher-is-better,01-hosxp/THIP_HH0103.4.sql,24475,3dce6d584e751d57dff3b543b8653cc26bd42d3950f8a5bd844d100e34da4694
HH0103.5,ร้อยละของผู้รับบริการกลุ่มหญิงตั้งครรภ์ที่มีภาวะติดนิโคตินและได้รับบริการบำบัดภาวะติด นิโคติน,Tobacco Use: Percentage of nicotine dependence in Pregnant patients receiving nicotine dependence treatment.,,ทุก 6 เดือน (รายครึ่งปี),HOSxP,288,higher-is-better,01-hosxp/THIP_HH0103.5.sql,24348,0e79f673d9afc331427e5e42df72f298990ebf9d53f15f16fac7e3dc5a612f5f
HH0103.6,ร้อยละของผู้รับบริการกลุ่มโรคถุงลมโป่งพองที่มีภาวะติดนิโคตินและได้รับบริการบำบัด ภาวะติดนิโคติน,Tobacco Use: Percentage of nicotine dependence in Asthma patients receiving nicotine dependence treatment.,,ทุก 6 เดือน (รายครึ่งปี),HOSxP,289,higher-is-better,01-hosxp/THIP_HH0103.6.sql,24481,831611f74cd451091396c22df9da4e9a98e110e5c97795559c9944e8860e3eca
HH0104.1,ร้อยละของผู้ป่วยกลุ่มโรคเบาหวานที่รับบริการบำบัดรักษาภาวะติดนิโคตินและสามารถ หยุดบริโภคยาสูบต่อเนื่อง 6 เดือน,Tobacco use: continuous abstinence rate (CAR) at 6 months (DM Patients),,ทุกปี (รายปี),HOSxP,290,higher-is-better,01-hosxp/THIP_HH0104.1.sql,28160,26b4026e863a3dfbdc7fa8e925bb6a1d0ce03709337edf316d8b405b4246e507
HH0104.2,ร้อยละของผู้ป่วยกลุ่มโรคความดันโลหิตสูงที่รับบริการบำบัดรักษาภาวะติดนิโคตินและ สามารถหยุดบริโภคยาสูบต่อเนื่อง 6 เดือน,Tobacco use: continuous abstinence rate (CAR) at 6 months (Hypertension Patients),,ทุกปี (รายปี),HOSxP,291,higher-is-better,01-hosxp/THIP_HH0104.2.sql,28292,ac52577edc3b5bedfad17d8f766b99a17cd9c740be86e5969cd8b59a745d65f6
HH0104.3,ร้อยละของผู้ป่วยกลุ่มโรคหืดที่รับบริการบำบัดรักษาภาวะติดนิโคตินและสามารถหยุด บริโภคยาสูบต่อเนื่อง 6 เดือน,Tobacco use: continuous abstinence rate (CAR) at 6 months (Asthma Patients),,ทุกปี (รายปี),HOSxP,292,higher-is-better,01-hosxp/THIP_HH0104.3.sql,28086,bcf7c6acb5c872f49fd9153800c127038e46025a22ba983bf24cee117ae6d855
HH0104.4,ร้อยละของผู้ป่วยกลุ่มโรคถุงลมโป่งพองที่รับบริการบำบัดรักษาภาวะติดนิโคตินและสามารถ หยุดบริโภคยาสูบต่อเนื่อง 6 เดือน,Tobacco use: continuous abstinence rate (CAR) at 6 months (COPD Patients),,ทุกปี (รายปี),HOSxP,293,higher-is-better,01-hosxp/THIP_HH0104.4.sql,28165,73fa7548e6ab4b34f5a9437fce63a07681dfe85655c1e9b627a390db642e0a6a
HH0104.5,ร้อยละของผู้ป่วยกลุ่มหญิงตั้งครรภ์ที่รับบริการบำบัดรักษาภาวะติดนิโคตินและสามารถ หยุดบริโภคยาสูบต่อเนื่อง 6 เดือน,Tobacco use: Tobacco use: continuous abstinence rate (CAR) at 6 months (Pregnant Patients),,ทุกปี (รายปี),HOSxP,294,higher-is-better,01-hosxp/THIP_HH0104.5.sql,28077,88153dc45929fbabe006d70340acb4b626d079eda5968667344d378977aee2f5
SH0101,อัตราการลาออกของบุคลากร,HRM: Turnover tate,,ทุกปี (รายปี),HOSxP,221,lower-is-better,01-hosxp/THIP_SH0101.sql,22572,341bc8ea3350dc6d5dd01bd6cc453c6a4be257fb75e334da166ec2483ae14a62
SH0102,ร้อยละบุคลากรที่บาดเจ็บจากการทำงาน,HRM: Percent of employee work-related Injury,,ทุกปี (รายปี),HOSxP,222,lower-is-better,01-hosxp/THIP_SH0102.sql,22672,15295cb789e6f60f02199d493b975b9ba31bad577a710a9f14cc2f2249f6f8c8
SH0103,ร้อยละบุคลากรที่เจ็บป่วยจากการทำงาน,HRM: Percent of employee work-related Illness,,ทุกปี (รายปี),HOSxP,223,lower-is-better,01-hosxp/THIP_SH0103.sql,22763,fd3fa20b01e2b48589d37001aefe6334b7e3062977e0b5451b7992c9f0387976
SH0104,อัตราการลาออก ของแพทย์/ทันตแพทย์,HRM: Turnover rate of physician and dentist,,ทุก 3 เดือน (รายไตรมาส),HOSxP,224,lower-is-better,01-hosxp/THIP_SH0104.sql,22114,52e6a0ec4158279fea0338e9ff87080b6d769fbc2177fbe8922dc6c50fc00499
SH0105,อัตราการลาออก ของพยาบาลวิชาชีพ,HRM: Turnover rate of nurses,,ทุก 3 เดือน (รายไตรมาส),HOSxP,225,lower-is-better,01-hosxp/THIP_SH0105.sql,22022,e1d894b6a3df8d09d5827e6b68b22343b70e7724b2f4c304f6b1320373baf1bb
SH0106,อัตราการลาออก ของบุคลากรสาย allied health,HRM: Turnover rate of allied health personnel,,ทุก 3 เดือน (รายไตรมาส),HOSxP,226,lower-is-better,01-hosxp/THIP_SH0106.sql,23627,1cb7b80a88f88193d451c10433c34bec24dd3b05a64d60337fa4e10e69ced639
SH0107,อัตราการลาออก ของบุคลากรสายสนับสนุน,HRM : Turnover rate of back office personnel,,ทุก 3 เดือน (รายไตรมาส),HOSxP,227,lower-is-better,01-hosxp/THIP_SH0107.sql,23616,82085a918c8df20d58f0ed227f4a9bd49c498fa6e5f2391c45416b5599b4d9fa
SH0301,อัตราความถี่การบาดเจ็บ/ เจ็บป่วยของบุคลากรที่เกี่ยวเนื่องจากงาน,HRH: Injury (illnesses) frequency rate : IFR,,ทุกเดือน (รายเดือน),HOSxP,244,lower-is-better,01-hosxp/THIP_SH0301.sql,22869,31161530ce69fd4fda8acca8f26701ecfa341659ad041551fea969e40780cbc2
SH0302,อัตราความรุนแรงของการบาดเจ็บของบุคลากรกลุ่มสัมผัสผู้ป่วยโดยตรง,HRH: Injury severity rate (ISR) of direct contact with patients,,ทุกเดือน (รายเดือน),HOSxP,245,lower-is-better,01-hosxp/THIP_SH0302.sql,24747,10ee344b077c238b6b62813fa4bd53edebe4aeff251c34031cf6de9cd928bc21
SH0303,อัตราความรุนแรงของการบาดเจ็บของบุคลากรกลุ่มที่ไม่ได้สัมผัสผู้ป่วยโดยตรง,HRH: Injury severity rate (ISR) of non direct contact with patients,,ทุกเดือน (รายเดือน),HOSxP,247,lower-is-better,01-hosxp/THIP_SH0303.sql,24177,8c4cdb9ac810c052d534bc96b70610bd505315838030bdc7a457e978032fa58a
SH0306,อัตราความถี่การบาดเจ็บ/เจ็บป่วยของบุคลากรที่เกี่ยวเนื่องจากงาน ของบุคลากรกลุ่ม สัมผัสผู้ป่วยโดยตรง,HRH: Injury (illnesses) frequency rate (IFR) of direct contact with patients,,ทุกเดือน (รายเดือน),HOSxP,249,lower-is-better,01-hosxp/THIP_SH0306.sql,25876,e5ce3423ac3d389c870a82fb203a5c71fad199887261a2acc3b7d890f91a10c9
SH0307,อัตราความถี่การบาดเจ็บ/เจ็บป่วยของบุคลากรที่เกี่ยวเนื่องจากงานของบุคลากรกลุ่มที่ ไม่ได้สัมผัสผู้ป่วยโดยตรง,HRH: Injury (illnesses) frequency rate (IFR) of non-direct contact with patients,,ทุกเดือน (รายเดือน),HOSxP,251,lower-is-better,01-hosxp/THIP_SH0307.sql,25299,714c5f97b21c0310639b46850bec7dda04283e97018f162c612f6ed927136cd8
SL0101,อัตราส่วนการขอใช้โลหิตต่อการใช้โลหิตจริงในกลุ่มผู้ป่วยผ่าตัดประเภทต่าง ๆ,Crossmatch-to-Transfusion ratios (C:T) in elective surgery cases,,ทุกเดือน (รายเดือน),HOSxP,220,lower-is-better,01-hosxp/THIP_SL0101.sql,21274,bcbc4740ab622a754ac202d98665d9b9663dbe4793b6af271a06317b1f66676a
SM0102,ร้อยละการใช้ยาปฏิชีวนะในผู้ป่วยโรคติดเชื้อทางเดินหายใจส่วนบน,Medication Use: Percent of antibiotic prescribing rate on upper respiratory infection,,ทุก 6 เดือน (รายครึ่งปี),HOSxP,269,lower-is-better,01-hosxp/THIP_SM0102.sql,21739,3477cbcec84b5850778c0dc4f09cccbbfef483617541622c5ffd3ba8591d38d2
SM0103,ร้อยละการใช้ยาปฏิชีวนะในผู้ป่วยอุจจาระร่วงเฉียบพลัน,Medication Use: Percent of antibiotic prescribing on acute diarrhea,,ทุก 6 เดือน (รายครึ่งปี),HOSxP,270,lower-is-better,01-hosxp/THIP_SM0103.sql,21298,70885caf1113a6961b9f7aeff25ad89f37bc86fe9f56fd2147bb74b78b324062
SM0201,จำนวนเดือนสำรองคลังยา,Medication Management : Inventory turn,,ทุกเดือน (รายเดือน),HOSxP,271,neutral,01-hosxp/THIP_SM0201.sql,21649,b58a3501459988dfdf82859db9595b6157fd86f0acc1a7fd6f926c9ad0c23b53
SS0102,ร้อยละการจัดอุปกรณ์เครื่องมือทางการแพทย์ ถูกต้องครบถ้วน,CSSD: Percent of exact medical equipment prepared for specific procedures,,ทุกเดือน (รายเดือน),HOSxP,267,higher-is-better,01-hosxp/THIP_SS0102.sql,21484,c9e8090e4604575061b50488f68ddc185aad6564147dbc2dfca038c79a90fe30
SS0103,ร้อยละการจ่ายอุปกรณ์เครื่องมือทางการแพทย์ให้หน่วยงานถูกต้อง,CSSD: Percent of medical supplies which are accurately provided by the CSSD,,ทุกเดือน (รายเดือน),HOSxP,268,higher-is-better,01-hosxp/THIP_SS0103.sql,21432,01b2c2a976f007910e69f7da40d3cf0ea89ae91325063c6b3749efa300b77950
CG0103,อัตราความชุกของแผลกดทับ,Pressure ulcer/injury: Hospital-acquired pressure ulcer/injury,,ทุก 3 เดือน (รายไตรมาส),external,200,lower-is-better,02-external/THIP_CG0103.sql,9903,e960f3499cfa662a053f77e7cb29132057cc5dd354b1dd71e3995ab84fb2b2d9
CG0104,อัตราความชุกของแผลกดทับที่เกิดในโรงพยาบาล,Pressure ulcer/injury: Hospital acquired pressure ulcer/Injury (HAPI) rate,,ทุก 3 เดือน (รายไตรมาส),external,202,lower-is-better,02-external/THIP_CG0104.sql,10137,e772d81ff0ed43d8f4fff56aad60a823a85267ea8ffb83bdb54c6e0999b80e2d
DE1301,อัตราการตั้งครรภ์ต่อรอบการใส่ตัวอ่อนของผู้รับบริการทำเด็กหลอดแก้วและย้ายตัวอ่อน รอบสด (กลุ่มอายุน้อยกว่า 34 ปี),Infertility: Clinical pregnancy rate per embryo transfer following IVF/ICSI and fresh embryo transfer (age < 34 years),,ทุกปี (รายปี),external,145,higher-is-better,02-external/THIP_DE1301.sql,10933,be743fb0a2681dc04e19197a586bec50e69192cdc8bccfbaddb452d13609a7c1
DE1302,อัตราการตั้งครรภ์ต่อรอบการใส่ตัวอ่อนของผู้รับบริการทำเด็กหลอดแก้วและย้ายตัวอ่อน รอบสด (กลุ่มอายุ 34 - 39 ปี),Infertility: Clinical pregnancy rate per embryo transfer following IVF/ICSI and fresh embryo transfer (age 34 - 39 Years),,ทุกปี (รายปี),external,146,higher-is-better,02-external/THIP_DE1302.sql,10889,9d56eba30e863d2e184a2d307ef24561be797b689a0902e7fbb177bf06522a2d
DE1303,อัตราการตั้งครรภ์ต่อรอบการใส่ตัวอ่อนของผู้รับบริการทำเด็กหลอดแก้วและย้ายตัวอ่อน รอบสด (กลุ่มอายุ 40 ปีขึ้นไป),Infertility: Clinical pregnancy rate per embryo transfer following IVF/ICSI and fresh embryo transfer (age > 40 years),,ทุกปี (รายปี),external,147,higher-is-better,02-external/THIP_DE1303.sql,10911,174592e659693d75d7fbf57cb06b8670a130c83b64b27292f47d48fd0e1cbaca
DE1304,อัตราการตั้งครรภ์ต่อรอบการใส่ตัวอ่อนของผู้รับบริการทำเด็กหลอดแก้วและย้ายตัวอ่อน รอบแช่แข็ง (กลุ่มอายุน้อยกว่า 34 ปี),Infertility: Clinical pregnancy rate per embryo transfer following IVF/ICSI and frozen embryo transfer (age < 34 years),,ทุกปี (รายปี),external,148,higher-is-better,02-external/THIP_DE1304.sql,10991,5125dad587c50e24bd6de312cf574364489e40f8dbbacb1a1ba5a8f58f78b129
DE1305,อัตราการตั้งครรภ์ต่อรอบการใส่ตัวอ่อนของผู้รับบริการทำเด็กหลอดแก้วและย้ายตัวอ่อน รอบแช่แข็ง (กลุ่มอายุ 34 - 39 ปี),Infertility: Clinical pregnancy rate per embryo transfer following IVF/ICSI and frozen embryo transfer (age 34 - 39 years),,ทุกปี (รายปี),external,149,higher-is-better,02-external/THIP_DE1305.sql,10947,66936de1d89467be3c8a1f9106aeea70187183e89a789d7d868df1a959cff1ad
DE1306,อัตราการตั้งครรภ์ต่อรอบการใส่ตัวอ่อนของผู้รับบริการทำเด็กหลอดแก้วและย้ายตัวอ่อน รอบแช่แข็ง (กลุ่มอายุ 40 ปีขึ้นไป),Infertility: Clinical pregnancy rate per embryo transfer following IVF/ICSI and frozen embryo transfer (age > 40 years),,ทุกปี (รายปี),external,150,higher-is-better,02-external/THIP_DE1306.sql,10969,f5b6ba13d6ad104eff871376769a90d25c56703660ced6def4647cf329345b38
DE1601,ร้อยละของทารกแรกเกิดที่ได้รับการตรวจคัดกรองการได้ยิน ภายใน 30 วัน,Newborn: Percent of hearing screening within 30 days,,ทุกปี (รายปี),external,159,higher-is-better,02-external/THIP_DE1601.sql,10241,ef86b316841f15e6fa966beb27f07129fcba715a88f6cd92014c2835088ebb20
DM0103,ร้อยละเด็กพัฒนาการล่าช้ารอบด้าน (Global development delay: GDD) คงอยู่ใน ระบบการศึกษาได้อย่างน้อย 1 ปี,GDD: Percent of children with Global development delay that are included in educational system for at least 1 year,,ทุกปี (รายปี),external,162,higher-is-better,02-external/THIP_DM0103.sql,10706,6ec56df0fbea7dd35c74b77f84e0494293f2ed94e6845379f886ab645c4beda2
DM0203,ร้อยละเด็กออทิสติกคงอยู่ในระบบการศึกษาได้อย่างน้อย 1 ปี,ASD: Percent of children with Autism spectrum disorder (ASD) that are included in educational system for at least 1 year,,ทุกปี (รายปี),external,165,higher-is-better,02-external/THIP_DM0203.sql,10343,d8d056b25e06ed5fe842a6fbfd2a4e9b5ee5e82f23ad8b0696c8d9e6baab7010
DM0401,ร้อยละผู้ป่วยเด็กสมาธิสั้นรายใหม่อาการดีขึ้นภายใน 6 เดือน,Child and adolescent psychiatry: Percent of children with Attention-Deficit Hyperactivity Disorder (ADHD) improved after intervented for 6 months,,ทุก 6 เดือน (รายครึ่งปี),external,168,higher-is-better,02-external/THIP_DM0401.sql,10494,07406f33f967017c224ba8522ff4b0ea17e51789ce43e07a2624b2e8f9afbb83
DM0402,ร้อยละผู้ป่วยเด็กซึมเศร้าอาการดีขึ้นภายใน 6 เดือน,Child and adolescent psychiatry: Percent of children and adolescents with Major depressive disorder (MDD) improved after intervented for 6 months,,ทุก 6 เดือน (รายครึ่งปี),external,169,higher-is-better,02-external/THIP_DM0402.sql,10406,8e4ba42d0bb794b377621879d015d5bed34df91a99f9a8a44ed4fb3153ec67bd
DS0101,ร้อยละของผู้ติดยาเสพติดกลุ่ม Methamphetamine โดยรวมที่หยุดเสพต่อเนื่อง 3 เดือน,Methamphetamine group: 3 months total remission rate,,ทุก 3 เดือน (รายไตรมาส),external,135,higher-is-better,02-external/THIP_DS0101.sql,10368,989a86ca783e3c0dee7b194c6ee2b344b02610e4ad51ba4575cfef9bbdbadd2a
DS0201,ร้อยละของผู้ติดสุราโดยรวม ที่หยุดเสพต่อเนื่อง 3 เดือน,Alcohol group: 3 months total remission rate,,ทุก 3 เดือน (รายไตรมาส),external,136,higher-is-better,02-external/THIP_DS0201.sql,10133,9904a330592932ce34826c11e4a97a34834c698b9700fe2bcb15efd7a3f5d063
DS0301,ร้อยละของผู้ติดยาสูบโดยรวม ที่หยุดเสพต่อเนื่อง 3 เดือน,Tobacco group: 3 months total remission rate,,ทุก 3 เดือน (รายไตรมาส),external,137,higher-is-better,02-external/THIP_DS0301.sql,10144,4d4159f0c466263ff90700327f2d1f1f9cc360034a5ec66067384317f8f10721
SC0101,ร้อยละความพึงพอใจของผู้ป่วยนอก (ภาพรวม),Customer: Percent of outpatient satisfaction (overall),,ทุก 6 เดือน (รายครึ่งปี),external,259,higher-is-better,02-external/THIP_SC0101.sql,10056,5b28a382ca5791c0e83c1953dcaf4f69172a486464605a90aee338da7249b715
SC0102,ร้อยละความพึงพอใจของผู้ป่วยใน (ภาพรวม),Customer: Percent of inpatient satisfaction (overall),,ทุก 6 เดือน (รายครึ่งปี),external,260,higher-is-better,02-external/THIP_SC0102.sql,10042,d2d4fb9c94fca874e02ce6c58be698e986d83937c813fc64e91435971f43f18d
SC0103,ร้อยละของผู้ป่วยนอกที่จะกลับมาใช้บริการซ้ำ,Customer: Percent of outpatients who return to receive care,,ทุก 6 เดือน (รายครึ่งปี),external,261,higher-is-better,02-external/THIP_SC0103.sql,10116,7c19b8fd25a8b25b185a4135259de7d2bde8bb96b8a202a8e2c265a5ee82e76d
SC0104,ร้อยละของผู้ป่วยในที่จะกลับมาใช้บริการซ้ำ,Customer: Percent of inpatients who return to receive care,,ทุก 6 เดือน (รายครึ่งปี),external,262,higher-is-better,02-external/THIP_SC0104.sql,10102,207e471954a03961479acf5dd27a7384b254b47096fc4676e9e50da88159cecb
SC0105,ร้อยละผู้ป่วยนอกที่จะแนะนำญาติหรือคนรู้จักมาใช้บริการ,Customer: Percent of outpatients who would recommend friends or family to receive care at this facility,,ทุก 6 เดือน (รายครึ่งปี),external,263,higher-is-better,02-external/THIP_SC0105.sql,10369,056cd3d3220eb4cbccb509aa4bbc07edd074e8a356c1143c3e0ca2b0a8cf0bd4
SC0106,ร้อยละของผู้ป่วยในที่จะแนะนำญาติหรือคนรู้จักมาใช้บริการ,Customer: Percent of inpatients who would recommend friends or family to receive care at this facility,,ทุก 6 เดือน (รายครึ่งปี),external,264,higher-is-better,02-external/THIP_SC0106.sql,10388,df0c7a6c0a9246f360a2f2d74ac1e519419ad97e301882a1bbc20f2b3e3077ea
SF0101,อัตราส่วนทุนหมุนเวียน,Financial: Current ratio,,ทุกปี (รายปี),external,253,higher-is-better,02-external/THIP_SF0101.sql,9708,03abb535155c67e674d4fc790b1a288ad6fa51c75b905a1f2bbdb3c90447cd6b
SF0102,อัตราส่วนทุนหมุนเวียนเร็ว (อัตราส่วนสินทรัพย์สภาพคล่อง),Financial: Quick ratio,,ทุกปี (รายปี),external,254,higher-is-better,02-external/THIP_SF0102.sql,10064,8b7088f34dab841d9cd0b710d17905433e360e0e9ba834e36d75a3a74a9b79c4
SF0103,อัตราหมุนเวียนของสินทรัพย์ถาวร,Financial: Fixed asset turnover,,ทุกปี (รายปี),external,255,higher-is-better,02-external/THIP_SF0103.sql,9828,b86ff2f7157e7d33aa5054dcdf3941ab2db489c9aff6ab0c22b003b64fca77b5
SF0104,ระยะเวลาถัวเฉลี่ยในการเรียกเก็บลูกหนี้ค่ารักษาสุทธิ,Financial: Day in account receivable (average collection period for account receivables),,ทุกปี (รายปี),external,256,lower-is-better,02-external/THIP_SF0104.sql,10223,8d1b919a2ecb6747d47270934409aaa0c245a3dabfdded43a6f54fbf9685fb2f
SF0105,อัตราส่วนระหว่างกำไรสุทธิ กับยอดขายสุทธิ,Financial: Net profit margin,,ทุกปี (รายปี),external,257,higher-is-better,02-external/THIP_SF0105.sql,9943,f2b82f859389afa89d32510a757c266faf0213524c677a419bfc32d90eb69471
SF0106,อัตราผลตอบแทนจากสินทรัพย์รวม,Financial: Return on asset (ROA),,ทุกปี (รายปี),external,258,higher-is-better,02-external/THIP_SF0106.sql,9827,8337d0295659700d1bcd7336fc962fd8c42dbb999fb73ba616f41dbc8d32bce4
SG0104,สัดส่วนของขยะรีไซเคิล,Governance: Percent of recycled waste,,ทุกเดือน (รายเดือน),external,265,higher-is-better,02-external/THIP_SG0104.sql,9783,f4fb379698b1621a7ea95b0158663c8034571cbdae0cdc540a709ecd50483180
SH0201,ร้อยละความพึงพอใจของบุคลากรในองค์กรในภาพรวมของแพทย์/ทันตแพทย์ (ระดับ 4-5),HRD: Percent of physician/dentist satisfaction (level 4-5),,ทุกปี (รายปี),external,228,higher-is-better,02-external/THIP_SH0201.sql,10368,ca18f2133a67434948ca0d06ace484d80088e4bab4dfc9f277882e7553d48500
SH0202,ร้อยละความพึงพอใจ ของบุคลากรในองค์กรในภาพรวมของพยาบาลวิชาชีพ (ระดับ 4-5),HRD: Percent of nurse satisfaction (level 4-5),,ทุกปี (รายปี),external,229,higher-is-better,02-external/THIP_SH0202.sql,10321,bb2af8b2eea459b822eb5e98484a4bcedec8c534850141b3864f1862905a4f7f
SH0203,ร้อยละความพึงพอใจ ของบุคลากรในองค์กรในภาพรวมของบุคลากรสาย Allied Health (ระดับ 4-5),HRD: Percent of allied health personel satisfaction (level 4-5),,ทุกปี (รายปี),external,230,higher-is-better,02-external/THIP_SH0203.sql,10437,1d81b7da308c95ff25e3cc6ac4eed6457fcd38b74bed5142e36a426c0da69f00
SH0204,สัดส่วนชั่วโมงการฝึกอบรมต่อคนต่อปีของแพทย์/ ทันตแพทย์,HRD: Training hour per person per year of physician/dentist,,ทุกปี (รายปี),external,231,higher-is-better,02-external/THIP_SH0204.sql,10157,8720afcd8edb4714c15b00ebddfdef4915b1889db6324f2bce88eb57e061d84b
SH0205,สัดส่วนชั่วโมงการฝึกอบรมต่อคนต่อปีของพยาบาลวิชาชีพ,HRD: Training hour per person per year of nurse,,ทุกปี (รายปี),external,232,higher-is-better,02-external/THIP_SH0205.sql,10096,515fa8e26b947442822d88ada63b0b6ecf96412d0bed6a625183137aac420cc4
SH0206,ร้อยละความพึงพอใจของบุคลากรในองค์กรในภาพรวมของแพทย์/ทันตแพทย์ (ค่าเฉลี่ย),HRD: Percent of physician/dentist satisfaction (average),,ทุกปี (รายปี),external,233,higher-is-better,02-external/THIP_SH0206.sql,10378,a802800ccd045f0c9126eaaaacdd749571d5026c37d85120a86b163fc9ae2be1
SH0207,ร้อยละความพึงพอใจของบุคลากรในองค์กรในภาพรวมของแพทย์/ทันตแพทย์(ระดับ 1-2),HRD: Percent of physician/dentist satisfaction (level 1-2),,ทุกปี (รายปี),external,234,lower-is-better,02-external/THIP_SH0207.sql,10354,e2eff96d4872d3b4259ed4fba2581c93634d481b07f4b7b6eab227edc1e2b832
SH0208,ร้อยละความพึงพอใจของบุคลากรในองค์กรในภาพรวมของพยาบาลวิชาชีพ (ค่าเฉลี่ย),HRD: Percentage of nurse satisfaction (average),,ทุกปี (รายปี),external,235,higher-is-better,02-external/THIP_SH0208.sql,10333,1a5678adbb71aeea4bdcda926c89cdadd21bbf61b15e95ecd5e76db0452e1103
SH0209,ร้อยละความพึงพอใจของบุคลากรในองค์กรในภาพรวมของพยาบาลวิชาชีพ (ระดับ 1-2),HRD: Percentage of nurse satisfaction (level 1-2),,ทุกปี (รายปี),external,236,lower-is-better,02-external/THIP_SH0209.sql,10316,19042df4fd3d2ef589583f5d10ffadd81ef4bdae599082f99ba8dabd41cb89f2
SH0210,ร้อยละความพึงพอใจของบุคลากรในองค์กรในภาพรวมของบุคลากรสาย allied health (ค่าเฉลี่ย),HRD: Percentage of allied health personel satisfaction (average),,ทุกปี (รายปี),external,237,higher-is-better,02-external/THIP_SH0210.sql,10449,544f5d6e8d7e2300e5b7c3b33500408df752735d7c5a017fd7dade1f1ca554af
SH0211,ร้อยละความพึงพอใจของบุคลากรในองค์กรในภาพรวมของบุคลากรสาย allied health (ระดับ 1-2),HRD: Percentage of allied health personel satisfaction (level 1-2),,ทุกปี (รายปี),external,238,lower-is-better,02-external/THIP_SH0211.sql,10432,74e4de21791c8b323727de40d20a2d4ada3caf1c24706c66fb79e26a498736e9
SH0212,ร้อยละความพึงพอใจของบุคลากรในองค์กรในภาพรวมของบุคลากรสายสนับสนุน(ค่าเฉลี่ย),HRD: Percentage of back office personel satisfaction (average),,ทุกปี (รายปี),external,239,higher-is-better,02-external/THIP_SH0212.sql,10426,11c8cd6266d673ee4ae7fc4cc44969c5cbf1a5d4065156cb828e1cf077227933
SH0213,ร้อยละความพึงพอใจของบุคลากรในองค์กรในภาพรวมของบุคลากรสายสนับสนุน (ระดับ 4-5),HRD: Percentage of back office personel satisfaction (level 4-5),,ทุกปี (รายปี),external,240,higher-is-better,02-external/THIP_SH0213.sql,10423,5de5da82d7ce2c24cee833ab7a289dead3022f0607e918b10a9adc11eebd39a1
SH0214,ร้อยละความพึงพอใจของบุคลากรในองค์กรในภาพรวมของบุคลากรสายสนับสนุน (ระดับ 1-2),HRD: Percentage of back office personel satisfaction (level 1-2),,ทุกปี (รายปี),external,241,lower-is-better,02-external/THIP_SH0214.sql,10416,73ea28fe8285ab768c597e63a8e6be7df7abb293efa96d015ce381552cdc3860
SH0215,สัดส่วนชั่วโมงการฝึกอบรมต่อคนต่อปีของบุคลากรสาย allied health,HRD: Training hour per person per year of allied health personel,,ทุกปี (รายปี),external,242,higher-is-better,02-external/THIP_SH0215.sql,10212,373ac310b8c027626fa7f8cea392bc0ec04209f81dda4c7ed5f28777443816fc
SH0216,สัดส่วนชั่วโมงการฝึกอบรมต่อคนต่อปีของบุคลากรสายสนับสนุน,HRD: Training hour per person per year of back office personel,,ทุกปี (รายปี),external,243,higher-is-better,02-external/THIP_SH0216.sql,10196,e74973fa015370b6f6f44880a9d78829f13b34fafeded6f2953eab9efa24f40c
SI0101,อัตราการติดเชื้อปอดอักเสบจากการใช้เครื่องช่วยหายใจ (ภาพรวม),VAP: Rate of ventilator-associated pneumonia (All),,ทุกเดือน (รายเดือน),external,211,lower-is-better,02-external/THIP_SI0101.sql,10244,bfd97e18ea57b7efa6bfffcdfce9d3b734504249424c60d5cea600120b2ec364
SI0102,อัตราการติดเชื้อปอดอักเสบจากการใช้เครื่องช่วยหายใจ ของผู้ป่วยที่นอนรักษาใน ICU,VAP: Rate of ventilator-associated pneumonia in ICU,,ทุกเดือน (รายเดือน),external,212,lower-is-better,02-external/THIP_SI0102.sql,10448,9dfae07ba0bc38f62552fe4f54b5d3a3e3b606372b48b795a9ebb6a2dbcc12e4
SI0103,อัตราการติดเชื้อปอดอักเสบจากการใช้เครื่องช่วยหายใจ ของผู้ป่วยที่นอนรักษานอก ICU ของโรงพยาบาล,VAP: Rate of Ventilator-associated pneumonia outside ICU,,ทุกเดือน (รายเดือน),external,213,lower-is-better,02-external/THIP_SI0103.sql,10613,5d9ee5fc8731d4fb8df7cfb944fa5c8415b3cbc3e31ab8878e151e9d09165ddb
SI0201,อัตราการติดเชื้อในกระแสเลือดจากการคาสายสวนหลอดเลือดส่วนกลาง (ภาพรวม),BSI: Rate of CABSI (All),,ทุกเดือน (รายเดือน),external,214,lower-is-better,02-external/THIP_SI0201.sql,10265,64c1db1a4b5ce396c53a6b2640862e37dd6cdeaebc05e8eb1a42a0e4c5c38f2a
SI0202,อัตราการติดเชื้อในกระแสเลือดจากการคาสายสวนหลอดเลือดส่วนกลาง ของผู้ป่วยที่นอน รักษาใน ICU,BSI: Rate of CABSI in ICU,,ทุกเดือน (รายเดือน),external,215,lower-is-better,02-external/THIP_SI0202.sql,10476,30d60c64256b69cd43d5d9b025852d0726740fedf5ec2d59efe03b790da742b3
SI0203,อัตราการติดเชื้อในกระแสเลือดจากการคาสายสวนหลอดเลือดส่วนกลาง ของผู้ป่วยที่นอน รักษานอก ICU ของโรงพยาบาล,BSI: Rate of CABSI outside ICU,,ทุกเดือน (รายเดือน),external,216,lower-is-better,02-external/THIP_SI0203.sql,10641,1d4e449dfba0d6290b4457efb085beb6dc11eb640ab82c1179e45da9b2865058
SI0301,อัตราการติดเชื้อระบบทางเดินปัสสาวะจากการคาสายสวนปัสสาวะ (ภาพรวม),CAUTI: Rate of CAUTI (All),,ทุกเดือน (รายเดือน),external,217,lower-is-better,02-external/THIP_SI0301.sql,10227,b346678a2c578e460b149522db10998d1979fac2d8ac9ab6d7af4c878c299c27
SI0302,อัตราการติดเชื้อระบบทางเดินปัสสาวะจากการคาสายสวนปัสสาวะ ของผู้ป่วยที่นอนรักษา ใน ICU,CAUTI: Rate of CAUTI in ICU,,ทุกเดือน (รายเดือน),external,218,lower-is-better,02-external/THIP_SI0302.sql,10438,5adcbb348f1b39b0022c58607b7de8c672a12ca9646e71cfb69912a5ad72bffb
SI0303,อัตราการติดเชื้อระบบทางเดินปัสสาวะจากการคาสายสวนปัสสาวะ ของผู้ป่วยที่นอนรักษา นอก ICU ของโรงพยาบาล,CAUTI: Rate of CAUTI outside ICU,,ทุกเดือน (รายเดือน),external,219,lower-is-better,02-external/THIP_SI0303.sql,10603,6e32205182a6d82d374aef0cfd2ab44784a17eab1993406bd89f2f6e6347faa2
SS0101,ร้อยละการตรวจสอบประสิทธิภาพการทำปราศจากเชื้อผ่านเกณฑ์,CSSD: Percent of examination of effective sterilization,,ทุกเดือน (รายเดือน),external,266,higher-is-better,02-external/THIP_SS0101.sql,10207,01a5ab4d59d0649cc6cb49ddf3dc63f0de923b3dfac6b7d1b15c9162cf4946c3
